Ссылка;Название;Сайт;Телефон;Email;Рубрики
"https://icatalog.expocentr.ru/ru/exhibitions/a94ff0c2-5685-11f0-80d0-a0d3c1fab97f/exhibitors/384600?&stand=15C095";"A&S THAI WORKS CO. LTD";"https://asthaiworks.co.th/";"+66 2 313 1550";"sales@asthaiworks.co.th";"Комплексы вторичной переработки Оборудование и технологии для переработки и утилизации отходов"
"https://icatalog.expocentr.ru/ru/exhibitions/a94ff0c2-5685-11f0-80d0-a0d3c1fab97f/exhibitors/384157?&stand=15C035";"AGROVO";"https://www.agroprodmash-expo.ru/";"";"";"Оборудование для переработки яиц Комплексные упаковочные линии Оборудование для маркировки Этикетировочные машины, этикетировщики, аппликаторы этикеток Комплексные решения для предприятий пищевой промышленности Автоматизация пищевых производств и технологических процессов Яичный порошок"
"https://icatalog.expocentr.ru/ru/exhibitions/a94ff0c2-5685-11f0-80d0-a0d3c1fab97f/exhibitors/383960?&stand=15B180";"ANHUI REALLY PRECISION TOOLS CO. LTD";"http://www.reallytools.com/";"+86 18601382661";"info@rlqy.net";"Оборудование и технологии для убоя скота и первичной обработки Вертикальные упаковочные машины Горизонтальные упаковочные машины Оборудование для нарезки и порционирования Оборудование для переработки овощей и фруктов Оборудование для переработки мяса"
"https://icatalog.expocentr.ru/ru/exhibitions/a94ff0c2-5685-11f0-80d0-a0d3c1fab97f/exhibitors/384171?&stand=15E110";"ASTROPIT";"http://www.astropit.ru/";"+7 (930) 696-6344";"info@astropit.ru";"Комплексные решения для предприятий пищевой промышленности Оборудование для производства диетических продуктов Оборудование для производства продуктов быстрого приготовления Термическое оборудование Оборудование для изготовления колбасных изделий Оборудование для изготовления мясных полуфабрикатов"
"https://icatalog.expocentr.ru/ru/exhibitions/a94ff0c2-5685-11f0-80d0-a0d3c1fab97f/exhibitors/384169?&stand=15C085";"AUTOTHERM GmbH";"https://www.agroprodmash-expo.ru/";"";"";"Комплексные решения для предприятий пищевой промышленности Автоматизация пищевых производств и технологических процессов Монтаж, сервисное обслуживание, восстановление и ремонт оборудования Термическое оборудование Оборудование для изготовления колбасных изделий Оборудование для сушки и вяления пищевых продуктов. Сушильные шкафы, камеры и цеха"
"https://icatalog.expocentr.ru/ru/exhibitions/a94ff0c2-5685-11f0-80d0-a0d3c1fab97f/exhibitors/384175?&stand=15C085";"EBERHARDT";"https://www.agroprodmash-expo.ru/";"";"";"Комплексные решения для предприятий пищевой промышленности Оборудование для переработки мяса Оборудование для изготовления колбасных изделий Оборудование для изготовления мясных полуфабрикатов Оборудование для нарезки колбасных изделий"
"https://icatalog.expocentr.ru/ru/exhibitions/a94ff0c2-5685-11f0-80d0-a0d3c1fab97f/exhibitors/383847?&stand=15B070";"FELETI";"http://www.feleti.by/";"+375 33 668 85 44";"info@feleti.by";"Оборудование и технологии для убоя скота и первичной обработки Гигиеническое оборудование для персонала и санитарных постов Куттеры, мясорубки, фаршемешалки Волчки Промышленные машины для мойки и сушки Оборудование для переработки мяса"
"https://icatalog.expocentr.ru/ru/exhibitions/a94ff0c2-5685-11f0-80d0-a0d3c1fab97f/exhibitors/384220?&stand=15C216";"FOSHAN AOKAI MACHINERY TECHNOLOGY CO. LTD";"http://www.aokaimachine.com/";"+86 13927709344";"sales1@fsaokai.com";"Вакуумная упаковка Упаковочные линии Оборудование для изготовления колбасных изделий"
"https://icatalog.expocentr.ru/ru/exhibitions/a94ff0c2-5685-11f0-80d0-a0d3c1fab97f/exhibitors/383829?&stand=15C162";"FPS FOOD PROCESS SOLUTIONS (GUANGDONG) CO. LTD";"http://www.fpscorp.ca/";"+86 076088920566";"sales@fpscorp.cn";"Оборудование для производства быстрозамороженных продуктов Оборудование для производства продуктов глубокой заморозки Оборудование для изготовления мясных полуфабрикатов Генерация холода, морозильные аппараты, специальные холодильники, льдогенераторы, льдоаккумуляторы Системы шоковой заморозки (спиральные, тоннельные шкафы и агрегаты) хлебобулочных и кондитерских изделий Промышленные холодильники и морозильники"
"https://icatalog.expocentr.ru/ru/exhibitions/a94ff0c2-5685-11f0-80d0-a0d3c1fab97f/exhibitors/384001?&stand=15C206";"GUANGDONG TOUPACK INTELLIGENT EQUIPMENT CO. LTD";"http://www.toupack.com/";"+86 18923335619";"md03@toupack.com";"Упаковочное оборудование для жидких и пастообразных продуктов Упаковочное оборудование для овощей и фруктов Упаковочное оборудование для сыпучих продуктов Упаковочное оборудование для трудносыпучих продуктов Упаковочное оборудование для штучных продуктов Взвешивание сыпучих материалов в потоке, системы взвешивания емкостей"
"https://icatalog.expocentr.ru/ru/exhibitions/a94ff0c2-5685-11f0-80d0-a0d3c1fab97f/exhibitors/384178?&stand=15D234";"GUANGXI SHENGUAN COLLAGEN BIOLOGICAL GROUP COMPANY LIMITED";"https://www.shenguan.com.cn/";"+86 18277413319";"shenguantrade@shenguan.com.cn";"Искусственные оболочки"
"https://icatalog.expocentr.ru/ru/exhibitions/a94ff0c2-5685-11f0-80d0-a0d3c1fab97f/exhibitors/384585?&stand=15D180";"HEBEI QIQIANG METAL PRODUCTS CO. LTD";"https://bdqinghao.m.en.alibaba.com/";"+86 15713222666";"qinghaoshipinjixie@163.com";"Куттеры, мясорубки, фаршемешалки Порциоматы Универсальные кухонные машины (УКМ) Шприцы колбасные Формующие шприцы, пилы, мясорубки"
"https://icatalog.expocentr.ru/ru/exhibitions/a94ff0c2-5685-11f0-80d0-a0d3c1fab97f/exhibitors/384221?&stand=15B139";"HENAN HOMEY WONBOND BIOTECHNOLOGY GROUP CO. LTD";"http://hmwbcleaning.com/";"+86 13216787003";"frank@hmwbcleaning.com";"Промышленная санитария Промышленные моющие и дезинфицирующие средства Системы дезинфекции производственных помещений"
"https://icatalog.expocentr.ru/ru/exhibitions/a94ff0c2-5685-11f0-80d0-a0d3c1fab97f/exhibitors/384609?&stand=15B165";"HIWELL MACHINERY (SHANDONG) CO. LTD";"http://en.hiwell.cc/";"+86 17805318936";"sunny@hiwell.cc";"Рыболовство. Оборудование и технологии для добычи рыбы и морепродуктов Куттеры, мясорубки, фаршемешалки Волчки Слайсеры Тендерайзеры (мясорыхлители) Формующие шприцы, пилы, мясорубки"
"https://icatalog.expocentr.ru/ru/exhibitions/a94ff0c2-5685-11f0-80d0-a0d3c1fab97f/exhibitors/384559?&stand=15B138";"ISRobotics";"http://www.isrobotics.ru/";"+7 (812) 507-8755";"mail@isrobotics.ru";"Комплексные решения для предприятий пищевой промышленности Автоматизация пищевых производств и технологических процессов Промышленные роботы Системы автоматизации управления производственными процессами Монтаж, сервисное обслуживание, восстановление и ремонт оборудования Сервисное обслуживание оборудования"
"https://icatalog.expocentr.ru/ru/exhibitions/a94ff0c2-5685-11f0-80d0-a0d3c1fab97f/exhibitors/384004?&stand=15E140";"JET (NANTONG) TRADING CO. LTD";"http://www.jetcoldchain.com/";"+86 18751311506";"jetad06@jetfoodtech.com";"Оборудование для производства быстрозамороженных продуктов Охладительные туннели Оборудование для производства продуктов глубокой заморозки Генерация холода, морозильные аппараты, специальные холодильники, льдогенераторы, льдоаккумуляторы Системы шоковой заморозки (спиральные, тоннельные шкафы и агрегаты) хлебобулочных и кондитерских изделий Промышленные холодильники и морозильники"
"https://icatalog.expocentr.ru/ru/exhibitions/a94ff0c2-5685-11f0-80d0-a0d3c1fab97f/exhibitors/384610?&stand=15E170";"JIANGSU LONGYINUO MACHINERY MANUFACTURING CO. LTD";"http://www.txjsjzx.com/";"+86 15358107575/86-13812025453";"yunlongdai558@gmail.com";"Оборудование и технологии для убоя скота и первичной обработки Оборудование для убоя и первичной переработки птицы Экструзионное и выдувное оборудование Промышленные роботы Оборудование и технологии для переработки и утилизации отходов Оборудование для переработки мяса"
"https://icatalog.expocentr.ru/ru/exhibitions/a94ff0c2-5685-11f0-80d0-a0d3c1fab97f/exhibitors/384963?&stand=15E180";"JIANGXI WEIYI PACKING MACHINERY CO. LTD";"https://jxwypackaging.en.alibaba.com/";"+86 15017210395";"2506975596@qq.com";"Вертикальные упаковочные машины Горизонтальные упаковочные машины Оборудование для групповой упаковки Мягкая упаковка Полужесткая упаковка Многослойная упаковка"
"https://icatalog.expocentr.ru/ru/exhibitions/a94ff0c2-5685-11f0-80d0-a0d3c1fab97f/exhibitors/384255?&stand=15C010";"KROMEKA";"http://kromeka.com/";"+90 2245860086";"info@kromeka.com";"Оборудование и технологии для убоя скота и первичной обработки Оборудование для переработки птицы, дичи Оборудование для убоя и первичной переработки птицы Оборудование для переработки яиц Оборудование для переработки птицы"
"https://icatalog.expocentr.ru/ru/exhibitions/a94ff0c2-5685-11f0-80d0-a0d3c1fab97f/exhibitors/384757?&stand=15C072";"MAXXTEC";"http://www.maxxtec.co.id/";"+6221 5367 0749";"maxxtec@sftspb.com";"Комплексные решения для предприятий пищевой промышленности Оборудование и технологии для переработки и утилизации отходов Технологии и оборудование для энергоэффективности и защиты окружающей среды Теплообменники, градирни, испарители, конденсаторы"
"https://icatalog.expocentr.ru/ru/exhibitions/a94ff0c2-5685-11f0-80d0-a0d3c1fab97f/exhibitors/383856?&stand=15D148";"NANTONG WOLFKING FOODTECH CO. LTD";"http://www.wolfkingtech.com/";"+7 (919) 766-0071";"verisan@wolfkingtech.com";"Оборудование для производства продуктов быстрого приготовления Оборудование для производства продуктов глубокой заморозки Оборудование для изготовления мясных полуфабрикатов Оборудование для производства пельменей, вареников, равиоли Криогенная заморозка, шоковая заморозка продуктов питания Промышленные холодильники и морозильники"
"https://icatalog.expocentr.ru/ru/exhibitions/a94ff0c2-5685-11f0-80d0-a0d3c1fab97f/exhibitors/384272?&stand=15A090";"OESTERGAARD KONTINUER";"http://www.kontinuer.com/";"+7 (916) 229-9081";"xuzhoukontinuer@gmail.com";"Оборудование для животноводческих комплексов Кормопроизводство и кормозаготовка Оборудование и технологии для убоя скота и первичной обработки Оборудование для убоя и первичной переработки птицы Рыбопереработка. Оборудование для первичной обработки, переработки рыбы и морепродуктов, судовое и береговое оборудование, сопутствующее оборудование Комплексные решения для предприятий пищевой промышленности"
"https://icatalog.expocentr.ru/ru/exhibitions/a94ff0c2-5685-11f0-80d0-a0d3c1fab97f/exhibitors/384276?&stand=15D230";"ORIENTALHK CO. LTD";"http://www.orientalhk.com/";"+86 18952175678";"tony.wang@orientalhk.com";"Оборудование и сырье для выращивания и содержания птицы, свиней и КРС Оборудование и технологии для убоя скота и первичной обработки Оборудование для переработки птицы, дичи Рыболовство. Оборудование и технологии для добычи рыбы и морепродуктов"
"https://icatalog.expocentr.ru/ru/exhibitions/a94ff0c2-5685-11f0-80d0-a0d3c1fab97f/exhibitors/384254?&stand=15C010";"OTTEVANGER MILLING ENGINEERS B.V.";"http://www.ottevanger.com/";"+31 (0)79 593 22 21";"info@ottevanger.com";"Комбикорма и биологические добавки Кормопроизводство и кормозаготовка Аквакультура (рыбоводство) Корма и ветеринарные препараты Оборудование и технологии для оснащения рыбных ферм Оборудование для зерноочистки, сортировки зерна"
"https://icatalog.expocentr.ru/ru/exhibitions/a94ff0c2-5685-11f0-80d0-a0d3c1fab97f/exhibitors/384590?&stand=15B035";"RIBON INTELLIGENT EQUIPMENT CO. LTD";"http://www.ribonintelligent.com/";"+86 13967387066";"zackwang@ribonintelligent.com";"Оборудование для животноводческих комплексов Оборудование и технологии для убоя скота и первичной обработки Оборудование для убоя и первичной переработки птицы IT-технологии, серверное и сетевое оборудование, программное обеспечение Оборудование для переработки мяса Холодильные и морозильные склады"
"https://icatalog.expocentr.ru/ru/exhibitions/a94ff0c2-5685-11f0-80d0-a0d3c1fab97f/exhibitors/384756?&stand=15B020";"SHANDONG DINGTAISHENG MACHINERY TECHNOLOGY CO. LTD";"https://ru.dts-retort.com/";"+86 5366549353";"sales@dtszb.com";"Оборудование для производства консервов (мясных, рыбных, фруктовых/овощных) Оборудование для переработки мяса Термическое оборудование"
"https://icatalog.expocentr.ru/ru/exhibitions/a94ff0c2-5685-11f0-80d0-a0d3c1fab97f/exhibitors/384278?&stand=15B120";"SHANDONG KANGBEITE FOOD PACKAGING MACHINERY CO. LTD";"https://kbtpacking.com/";"+86 15763059888";"sales03@kbtfoodpack.com";"Упаковочное оборудование Термоформование, наполнение и запечатывание Упаковка и упаковочные материалы Вакуумная упаковка Криогенная заморозка, шоковая заморозка продуктов питания"
"https://icatalog.expocentr.ru/ru/exhibitions/a94ff0c2-5685-11f0-80d0-a0d3c1fab97f/exhibitors/383997?&stand=15C202";"SHANDONG LI ZHI MACHINERY EQUIPMENT CO. LTD";"https://www.lizhimachinery.com/";"+86 15610166818";"yannysima@lizhimachinery.com";"Оборудование для переработки птицы Рыболовство. Оборудование и технологии для добычи рыбы и морепродуктов Тендерайзеры (мясорыхлители)"
"https://icatalog.expocentr.ru/ru/exhibitions/a94ff0c2-5685-11f0-80d0-a0d3c1fab97f/exhibitors/384219?&stand=15B200";"SHANDONG XIAOKANG MACHINERY CO. LTD";"http://www.xkpack.com/";"+86 18866797189";"sale@xiaokangpai.com";"Упаковка в модифицированной газовой среде Упаковочное оборудование Термоформование, наполнение и запечатывание Вакуумная упаковка Вакуумные упаковщики"
"https://icatalog.expocentr.ru/ru/exhibitions/a94ff0c2-5685-11f0-80d0-a0d3c1fab97f/exhibitors/384020?&stand=15B185";"SHANGHAI HE'ER INTELLIGENT MANUFACTURING TECHNOLOGY CO. LTD";"http://www.zhenghe-group.cn/";"+86 17660955276";"zhenghemachinery@gmail.com";"Оборудование для переработки птицы Автоматизация пищевых производств и технологических процессов Куттеры, мясорубки, фаршемешалки Слайсеры Фритюрницы"
"https://icatalog.expocentr.ru/ru/exhibitions/a94ff0c2-5685-11f0-80d0-a0d3c1fab97f/exhibitors/384724?&stand=15B135";"SHANGHAI VIXDETECT INSPECTION EQUIPMENT CO. LTD";"http://www.vixdetectrus.ru/";"+7 (992) 103-0531";"Sergey.Komissarov@vixdetect.com";"Контрольно-измерительное оборудование Металлодетекторы для контроля качества Оборудование для проверки продукции и выявления инородных включений Системы проверки качества"
"https://icatalog.expocentr.ru/ru/exhibitions/a94ff0c2-5685-11f0-80d0-a0d3c1fab97f/exhibitors/384270?&stand=15B165";"SHIJIAZHUANG HELPER FOOD MACHINERY CO. LTD";"http://www.helpermachinery.com/";"+86 31189196298";"albert@ihelper.net";"Оборудование для розлива Комплексные решения для предприятий пищевой промышленности Оборудование для изготовления колбасных изделий Оборудование для изготовления мясных полуфабрикатов Оборудование для производства пельменей, вареников, равиоли Оборудование для нарезки колбасных изделий"
"https://icatalog.expocentr.ru/ru/exhibitions/a94ff0c2-5685-11f0-80d0-a0d3c1fab97f/exhibitors/383940?&stand=15C188";"SQUARE TECHNOLOGY GROUP CO. LTD";"http://en.ntsquare.com/";"+86 51381668999";"ntfe@ntsquare.com";"Оборудование для переработки птицы Рыбопереработка. Оборудование для первичной обработки, переработки рыбы и морепродуктов, судовое и береговое оборудование, сопутствующее оборудование Генерация холода, морозильные аппараты, специальные холодильники, льдогенераторы, льдоаккумуляторы Теплообменники, градирни, испарители, конденсаторы Криогенная заморозка, шоковая заморозка продуктов питания Промышленные холодильники и морозильники"
"https://icatalog.expocentr.ru/ru/exhibitions/a94ff0c2-5685-11f0-80d0-a0d3c1fab97f/exhibitors/384218?&stand=15B160";"SUMPOT AUTOCLAVE (ZHUCHENG CITY JINDING FOOD MACHINERY CO. LTD)";"http://www.sumpot.com/";"+86 05366356951";"retort@sumpot.cn";"Вертикальные упаковочные машины Оборудование, материалы, инвентарь для производства кондитерских изделий и шоколада Охладительные туннели"
"https://icatalog.expocentr.ru/ru/exhibitions/a94ff0c2-5685-11f0-80d0-a0d3c1fab97f/exhibitors/384002?&stand=15C152";"SUSTERA TM (POLAIR GROUP)";"http://www.polairgroup.com/";"+7 (495) 120-2249";"info@polair.com";"Хлебопекарное оборудование Холодильные агрегаты, моноблоки Криогенная заморозка, шоковая заморозка продуктов питания Компрессорно-конденсаторные агрегаты Морозильные лари, камеры, регалы, бонеты, холодильные шкафы, стеллажи, витрины, установки Системы вентиляции, кондиционирования, климат-контроля. Сплит-системы"
"https://icatalog.expocentr.ru/ru/exhibitions/a94ff0c2-5685-11f0-80d0-a0d3c1fab97f/exhibitors/383996?&stand=15C200";"WENZHOU RAYSHAPE MACHINERY CO. LTD";"https://www.global-elemotion.com/";"+86 057766855907";"richard@zj-elemotion.com";"Упаковочное оборудование Комплексные упаковочные линии Вертикальные упаковочные машины"
"https://icatalog.expocentr.ru/ru/exhibitions/a94ff0c2-5685-11f0-80d0-a0d3c1fab97f/exhibitors/384126?&stand=15E150";"WUHAN CITY YIJIANUO MACHINERY CO. LTD";"http://www.yjnmachinery.com/";"+86 1816411902";"info@yjnmachinery.com";"Термоформование, наполнение и запечатывание"
"https://icatalog.expocentr.ru/ru/exhibitions/a94ff0c2-5685-11f0-80d0-a0d3c1fab97f/exhibitors/383930?&stand=15E120";"ZENITH CONTAINER MACHINERY AND ENGINEERING CO. LTD";"http://www.zenimec.com/";"+86 17302117872";"michael@zenimec.com";"Оборудование и сырье для выращивания и содержания птицы, свиней и КРС Упаковочное оборудование Вертикальные упаковочные машины Горизонтальные упаковочные машины Оборудование, материалы, инвентарь для производства кондитерских изделий и шоколада Оборудование для производства снеков, сухих завтраков, сухофруктов"
"https://icatalog.expocentr.ru/ru/exhibitions/a94ff0c2-5685-11f0-80d0-a0d3c1fab97f/exhibitors/385114?&stand=15C158";"ZHEJIANG LONGYUAN SIFANG MACHINERY MANUFACTURE CO. LTD";"https://www.agroprodmash-expo.ru/";"";"";""
"https://icatalog.expocentr.ru/ru/exhibitions/a94ff0c2-5685-11f0-80d0-a0d3c1fab97f/exhibitors/384268?&stand=15B120";"ZHUCHENG BOKANG MACHINERY CO. LTD";"http://bokangm.com/";"+86 15063668936";"shawn@bokangfm.cn";"Комплексные решения для предприятий пищевой промышленности Оборудование для производства быстрозамороженных продуктов Оборудование для производства продуктов быстрого приготовления Оборудование для переработки мяса Термическое оборудование Оборудование для изготовления мясных полуфабрикатов"
"https://icatalog.expocentr.ru/ru/exhibitions/a94ff0c2-5685-11f0-80d0-a0d3c1fab97f/exhibitors/385115?&stand=15C035";"АГРОВО";"https://www.agroprodmash-expo.ru/";"";"";""
"https://icatalog.expocentr.ru/ru/exhibitions/a94ff0c2-5685-11f0-80d0-a0d3c1fab97f/exhibitors/383798?&stand=15A020";"АГРОС, ООО";"http://www.agros1.ru/";"+7 (48439) 3-2113";"agros@obninsk.ru";"Оборудование для переработки птицы Рыбопереработка. Оборудование для первичной обработки, переработки рыбы и морепродуктов, судовое и береговое оборудование, сопутствующее оборудование Оборудование для переработки мяса Термическое оборудование Оборудование для изготовления колбасных изделий Оборудование для производства сыров Российский экспортер"
"https://icatalog.expocentr.ru/ru/exhibitions/a94ff0c2-5685-11f0-80d0-a0d3c1fab97f/exhibitors/383875?&stand=15A040";"АЛФА КОНТРАКТИНГ, ООО";"http://www.alfacontracting.ru/";"+7 (499) 110-9872";"secretary@alfacontracting.ru";"Генерация холода, морозильные аппараты, специальные холодильники, льдогенераторы, льдоаккумуляторы Теплообменники, градирни, испарители, конденсаторы Холодильные агрегаты, моноблоки Компрессорно-конденсаторные агрегаты Холодильные и морозильные склады Промышленные холодильники и морозильники"
"https://icatalog.expocentr.ru/ru/exhibitions/a94ff0c2-5685-11f0-80d0-a0d3c1fab97f/exhibitors/384189?&stand=15A150";"АЛЮХЕМ РУС, ООО";"http://www.aluchem.ru/";"+7 (925) 100-4974";"cmteh@yandex.ru";"Оборудование и технологии для убоя скота и первичной обработки Оборудование для переработки птицы, дичи Запчасти, комплектующие, расходные материалы для оборудования Комплексные решения для предприятий пищевой промышленности Оборудование для переработки сырья"
"https://icatalog.expocentr.ru/ru/exhibitions/a94ff0c2-5685-11f0-80d0-a0d3c1fab97f/exhibitors/383783?&stand=15B040";"АНТЕС, ООО";"http://www.dveri-vorota.ru/";"+7 (495) 500-4195";"reklama@antes.ru";"Оборудование и технологии для убоя скота и первичной обработки Оборудование для нарезки, измельчения и порционирования Термоформование, наполнение и запечатывание Запчасти, комплектующие, расходные материалы для оборудования Оборудование для переработки мяса Готовая еда"
"https://icatalog.expocentr.ru/ru/exhibitions/a94ff0c2-5685-11f0-80d0-a0d3c1fab97f/exhibitors/384978?&stand=15C098";"АРКОС";"http://www.arkos-company.ru/";"+7 (910) 519-0299";"iborkin@arkos-company.ru";"Упаковочное оборудование Пресс-формы Горизонтальные упаковочные машины Термоформование, наполнение и запечатывание"
"https://icatalog.expocentr.ru/ru/exhibitions/a94ff0c2-5685-11f0-80d0-a0d3c1fab97f/exhibitors/384203?&stand=15C150";"АРТА-КОНСАЛТ, ООО";"http://www.arta-consult.ru/";"+7 (903) 624-8948";"info@arta-consult.ru";"Автоматизация пищевых производств и технологических процессов Формовочное оборудование Тепловое оборудование Оборудование для производства продуктов быстрого приготовления Оборудование для переработки мяса Оборудование для изготовления мясных полуфабрикатов"
"https://icatalog.expocentr.ru/ru/exhibitions/a94ff0c2-5685-11f0-80d0-a0d3c1fab97f/exhibitors/383770?&stand=15C128";"АРТЕКС, ООО";"http://www.arteks.tech/";"+7 (965) 439-3698";"info@arteks.tech";"Оборудование и технологии для убоя скота и первичной обработки Оборудование для убоя и первичной переработки птицы Запчасти, комплектующие, расходные материалы для оборудования Производственный инвентарь Гигиеническое оборудование для персонала и санитарных постов Комплексные решения для предприятий пищевой промышленности"
"https://icatalog.expocentr.ru/ru/exhibitions/a94ff0c2-5685-11f0-80d0-a0d3c1fab97f/exhibitors/384759?&stand=15B116";"АСАП РАЗРАБОТКА";"https://asapcg.com/";"+7 (495) 642-6320";"asapcg@asapcg.com";"Комплексные решения для предприятий пищевой промышленности Автоматизация пищевых производств и технологических процессов Системы автоматизации управления производственными процессами IT-технологии, серверное и сетевое оборудование, программное обеспечение Информационные системы и системы связи IT и автоматизация"
"https://icatalog.expocentr.ru/ru/exhibitions/a94ff0c2-5685-11f0-80d0-a0d3c1fab97f/exhibitors/384152?&stand=15A088";"АСТРАФОРС, ООО";"http://www.astraforce.ru/";"+7 (495) 925-1232";"info@astraforce.ru";"IT-технологии, серверное и сетевое оборудование, программное обеспечение IT и автоматизация Цифровые решения Решения для автоматизации Автоматизированные системы Программное обеспечение"
"https://icatalog.expocentr.ru/ru/exhibitions/a94ff0c2-5685-11f0-80d0-a0d3c1fab97f/exhibitors/383785?&stand=15D010";"АТЛАНТИС-ПАК, ПКФ, ООО";"http://www.atlantis-pak.ru/";"+7 (863) 255-8585";"info@atlantis-pak.top";"Упаковка и упаковочные материалы Вакуумная упаковка Термоусадочная пленка Флоупак Этикеточная продукция и расходные материалы для ее изготовления (бумага, картон, полимерные пленки, фольга, полиграфические краски и т. д.) Искусственные оболочки Российский экспортер Оболочки Упаковка и упаковочные материалы"
"https://icatalog.expocentr.ru/ru/exhibitions/a94ff0c2-5685-11f0-80d0-a0d3c1fab97f/exhibitors/384280?&stand=15A060";"АТП ТЛП, ООО";"http://www.atp-tlp.ru/";"+7 (495) 968-3348";"info@atp-tlp.ru";"Оборудование для животноводческих комплексов Оборудование и технологии для убоя скота и первичной обработки Рыбопереработка. Оборудование для первичной обработки, переработки рыбы и морепродуктов, судовое и береговое оборудование, сопутствующее оборудование Оборудование, материалы, инвентарь для производства кондитерских изделий и шоколада Оборудование для крахмало-паточной промышленности Оборудование для переработки молока и производства молочных продуктов"
"https://icatalog.expocentr.ru/ru/exhibitions/a94ff0c2-5685-11f0-80d0-a0d3c1fab97f/exhibitors/383853?&stand=15B100";"БЕГАРАТ-М, АО";"http://www.begarat.ru/";"+7 (929) 550-9900";"zapros@begarat.ru";"Комплексные упаковочные линии Термоформование, наполнение и запечатывание Оборудование для производства хлебобулочных изделий Оборудование для нарезки, измельчения, изготовления фарша. Смесители Оборудование для изготовления колбасных изделий Оборудование для изготовления мясных полуфабрикатов"
"https://icatalog.expocentr.ru/ru/exhibitions/a94ff0c2-5685-11f0-80d0-a0d3c1fab97f/exhibitors/383722?&stand=15B030";"БЕРЧГРУП РУС";"http://www.bertsch.at/";"+7 (495) 695-1250";"bertsch.moskau@bertsch-laska.ru";"Оборудование и технологии для убоя скота и первичной обработки Оборудование для переработки мяса Оборудование для изготовления колбасных изделий Оборудование для изготовления мясных полуфабрикатов Оборудование для переработки молока и производства молочных продуктов Оборудование для производства сыров"
"https://icatalog.expocentr.ru/ru/exhibitions/a94ff0c2-5685-11f0-80d0-a0d3c1fab97f/exhibitors/383934?&stand=15E030";"БЕСТЕК-ИНЖИНИРИНГ, ООО";"http://www.besteq-engineering.ru/";"+7 863 333-2099";"sales@besteq.ru";"Комплексные решения для предприятий пищевой промышленности Дозирующее оборудование Фасовочно-упаковочные автоматы Оборудование для переработки фруктов и овощей Оборудование и автоматизированные линии для производства кондитерских изделий Оборудование для производства консервов (мясных, рыбных, фруктовых/овощных) Российский экспортер Оборудование для мясной и птицеперерабатывающей промышленности Оборудование для плодоовощной промышленности Оборудование для производства сока Оборудование для кондитерской промышленности Оборудование для консервной промышленности"
"https://icatalog.expocentr.ru/ru/exhibitions/a94ff0c2-5685-11f0-80d0-a0d3c1fab97f/exhibitors/384283?&stand=15B120";"БЕТЕЛЬГЕЙЗЕ, ООО";"http://www.bokangm.com/";"+7 (495) 633-1128";"info@betelgeyze.ru";"Оборудование для переработки фруктов и овощей Оборудование для производства консервов (мясных, рыбных, фруктовых/овощных) Оборудование для нарезки, измельчения, изготовления фарша. Смесители Термическое оборудование Оборудование для изготовления мясных полуфабрикатов Металлодетекторы для контроля качества"
"https://icatalog.expocentr.ru/ru/exhibitions/a94ff0c2-5685-11f0-80d0-a0d3c1fab97f/exhibitors/383736?&stand=15D042";"БИГАН, СП, ЗАО";"http://www.bigan.by/";"+375 333444880";"sales@bigan.by";"Упаковка и упаковочные материалы Искусственные оболочки"
"https://icatalog.expocentr.ru/ru/exhibitions/a94ff0c2-5685-11f0-80d0-a0d3c1fab97f/exhibitors/383801?&stand=15D020";"БИОСТАР ТРЕЙД, ООО";"http://www.biostar.ru/";"+7 (812) 600-4470";"group@biostar.ru";"Вакуумная упаковка Гибкая упаковка Искусственные оболочки Натуральные оболочки Ингредиенты по направлениям Мясные изделия"
"https://icatalog.expocentr.ru/ru/exhibitions/a94ff0c2-5685-11f0-80d0-a0d3c1fab97f/exhibitors/384013?&stand=15B005";"БОГАТОВЪ, ТД, ООО";"http://www.tdbogatov.ru/";"+7 351 211-5955";"office@td-bogatov.ru";"Комплексные упаковочные линии Оборудование для групповой упаковки Термоформование, наполнение и запечатывание Автоматизированные системы для маркировки и прослеживаемости товаров Запчасти, комплектующие, расходные материалы для оборудования Автоматизация пищевых производств и технологических процессов Промышленные роботы Оборудование для нарезки и порционирования Искусственные оболочки Клипсаторы Оборудование для изготовления колбасных изделий Щепа для копчения мясных и рыбных деликатесов Стартовые культуры Комплексные смеси Мясные изделия Изделия из птицы"
"https://icatalog.expocentr.ru/ru/exhibitions/a94ff0c2-5685-11f0-80d0-a0d3c1fab97f/exhibitors/384061?&stand=15E085";"БОЙЦОВ АЛЕКСЕЙ ВЯЧЕСЛАВОВИЧ, ИП";"http://www.fishwaste.ru/";"+7 (929) 908-0145";"info@fishwaste.ru";"Кормопроизводство и кормозаготовка Аквакультура (рыбоводство) Логистика и технология поставок Транспортное обслуживание Минеральные добавки"
"https://icatalog.expocentr.ru/ru/exhibitions/a94ff0c2-5685-11f0-80d0-a0d3c1fab97f/exhibitors/383703?&stand=15A030";"БУСТЕР РУС, ООО";"http://www.booster-rus.ru/";"+7 (495) 988-7626";"info@booster-rus.ru";"Оборудование для животноводческих комплексов Комбикорма и биологические добавки Оборудование для переработки птицы, дичи Корма и ветеринарные препараты Рыбопереработка. Оборудование для первичной обработки, переработки рыбы и морепродуктов, судовое и береговое оборудование, сопутствующее оборудование Системы дезинфекции производственных помещений"
"https://icatalog.expocentr.ru/ru/exhibitions/a94ff0c2-5685-11f0-80d0-a0d3c1fab97f/exhibitors/384715?&stand=15B136";"БУШХОФФ, ООО";"http://www.xn--90a0aofadu.xn--p1ai/";"+7 (968) 811-3951";"buschhoff@mail.ru";"Оборудование для переработки зерна Оборудование и технологии для переработки и утилизации отходов"
"https://icatalog.expocentr.ru/ru/exhibitions/a94ff0c2-5685-11f0-80d0-a0d3c1fab97f/exhibitors/384079?&stand=15C065";"ВЕБЕР РУС, ООО";"http://www.weberweb.com/";"+7 (495) 604-4835";"ru@weberweb.com";"Оборудование и технологии для убоя скота и первичной обработки Упаковочное оборудование Автоматизация пищевых производств и технологических процессов Оборудование для нарезки сыров Оборудование для производства продуктов быстрого приготовления Оборудование для производства снеков, сухих завтраков, сухофруктов Оборудование для нарезки, измельчения, изготовления фарша. Смесители Оборудование для нарезки колбасных изделий"
"https://icatalog.expocentr.ru/ru/exhibitions/a94ff0c2-5685-11f0-80d0-a0d3c1fab97f/exhibitors/384166?&stand=15C060";"ВЕНДО-РУС ТЕХНОЛОДЖИС, ООО";"http://www.vendo-rus.ru/";"+7 (495) 974-0323";"tatyana.mamedova@vendo-rus.ru";"Оборудование для переработки птицы Оборудование для производства продуктов глубокой заморозки Оборудование для переработки мяса Оборудование для изготовления мясных полуфабрикатов Промышленные холодильники и морозильники Металлодетекторы для контроля качества"
"https://icatalog.expocentr.ru/ru/exhibitions/a94ff0c2-5685-11f0-80d0-a0d3c1fab97f/exhibitors/384760?&stand=15C096";"ВИАНТПРОМ";"https://viantprom.ru/";"+7 (901) 180-3841";"info@viantprom.ru";"Оборудование для нарезки и порционирования Гигиена производства Упаковочное оборудование и материалы Оборудование для изготовления колбасных изделий Оборудование для изготовления мясных полуфабрикатов Криогенная заморозка, шоковая заморозка продуктов питания"
"https://icatalog.expocentr.ru/ru/exhibitions/a94ff0c2-5685-11f0-80d0-a0d3c1fab97f/exhibitors/383900?&stand=15D125";"ГЕА ФАРМ ТЕХНОЛОДЖИЗ РУС";"http://www.gea.com/";"+7 (495) 787-2000";"alexei.schapotschkin@gea.com";"Комплексные упаковочные линии Термоформование, наполнение и запечатывание Оборудование для пищевой экструзии Оборудование для нарезки сыров Оборудование для нарезки, измельчения, изготовления фарша. Смесители Оборудование для изготовления мясных полуфабрикатов"
"https://icatalog.expocentr.ru/ru/exhibitions/a94ff0c2-5685-11f0-80d0-a0d3c1fab97f/exhibitors/384944?&stand=15A082";"ДАОЧУ, ООО (ХАССПЕР, ТМ)";"https://haccper.ru/";"+7 (495) 414-1205";"info@haccper.ru";"Спецодежда Производственный инвентарь Уборочное оборудование Комплексные решения для предприятий пищевой промышленности Расходные материалы Средства индивидуальной защиты персонала для пищевого производства"
"https://icatalog.expocentr.ru/ru/exhibitions/a94ff0c2-5685-11f0-80d0-a0d3c1fab97f/exhibitors/383706?&stand=15D070";"ДАТАДЖЕТ, ООО";"http://www.datajet.ru/";"8 800 222-2940";"contract@datajet.ru";"Комплексные решения для предприятий пищевой промышленности Оборудование для пищевой экструзии Оборудование для мини-пекарен, кондитерских мини-цехов Оборудование для дрожжевой промышленности Оборудование для изготовления мясных полуфабрикатов Оборудование для производства пельменей, вареников, равиоли"
"https://icatalog.expocentr.ru/ru/exhibitions/a94ff0c2-5685-11f0-80d0-a0d3c1fab97f/exhibitors/384602?&stand=15A081";"ДВА+К НПО";"http://www.dvak.ru/";"+7 473 202-4006";"info@dvak.ru";"Оборудование для переработки фруктов и овощей Оборудование для переработки мяса Оборудование для нарезки, измельчения, изготовления фарша. Смесители Оборудование для изготовления колбасных изделий Оборудование для переработки молока и производства молочных продуктов Оборудование для производства сыров Российский экспортер"
"https://icatalog.expocentr.ru/ru/exhibitions/a94ff0c2-5685-11f0-80d0-a0d3c1fab97f/exhibitors/384205?&stand=15D075";"ДЕВЯТЬ СТАЛЬНЫХ ВОЛН, ООО";"http://www.9sw.ru/";"+7 (991) 289-1979";"sales1@9sw.ru";"Оборудование и технологии для убоя скота и первичной обработки Этикеточная продукция и расходные материалы для ее изготовления (бумага, картон, полимерные пленки, фольга, полиграфические краски и т. д.) Этикетировочные машины, этикетировщики, аппликаторы этикеток Запчасти, комплектующие, расходные материалы для оборудования Производственный инвентарь Комплексные решения для предприятий пищевой промышленности"
"https://icatalog.expocentr.ru/ru/exhibitions/a94ff0c2-5685-11f0-80d0-a0d3c1fab97f/exhibitors/384194?&stand=15D040";"ДЕНЭЛЬ, ООО";"http://www.denell.ru/";"+7 (499) 390-5336";"info@denell.ru";"Искусственные оболочки Натуральные оболочки"
"https://icatalog.expocentr.ru/ru/exhibitions/a94ff0c2-5685-11f0-80d0-a0d3c1fab97f/exhibitors/383755?&stand=15B035";"ДЖАРВИС, ООО";"http://www.jarvis-russia.ru/";"+7 (495) 223-0383";"info@jarvis-russia.ru";"Оборудование и сырье для выращивания и содержания птицы, свиней и КРС Оборудование и технологии для убоя скота и первичной обработки Оборудование для переработки птицы, дичи Оборудование для убоя и первичной переработки птицы Запчасти, комплектующие, расходные материалы для оборудования Промышленные роботы"
"https://icatalog.expocentr.ru/ru/exhibitions/a94ff0c2-5685-11f0-80d0-a0d3c1fab97f/exhibitors/383799?&stand=15E050";"ДЖАФАРОВ ЭЛЬНУР НАДИР ОГЛЫ, КФХ";"http://www.bontrade.ru/";"+7 (903) 238-3055";"bontrade@mail.ru";"Упаковка и упаковочные материалы Ингредиенты, сырьё Искусственные оболочки Натуральные оболочки Мясные изделия Российский экспортер"
"https://icatalog.expocentr.ru/ru/exhibitions/a94ff0c2-5685-11f0-80d0-a0d3c1fab97f/exhibitors/383741?&stand=15D145";"ДОРХАН, ООО";"https://doorhan.ru/";"+7 (495) 933-2433";"info@doorhan.ru";"Складская недвижимость: проектирование, строительство, эксплуатация Складское оборудование. Хранение Транспортное, подъемное, погрузочное оборудование Комплексные решения для предприятий пищевой промышленности Холодильные и морозильные склады Промышленные холодильники и морозильники"
"https://icatalog.expocentr.ru/ru/exhibitions/a94ff0c2-5685-11f0-80d0-a0d3c1fab97f/exhibitors/383657?&stand=15D165";"ЕВРОГРАДИРНИ, ООО";"http://www.euro-ct.ru/";"+7 (495) 798-8830";"info@euro-ct.ru";"Оборудование для переработки птицы, дичи Оборудование для овощехранилищ Оборудование для производства быстрозамороженных продуктов Оборудование для производства продуктов глубокой заморозки Оборудование для переработки картофеля Теплообменники, градирни, испарители, конденсаторы"
"https://icatalog.expocentr.ru/ru/exhibitions/a94ff0c2-5685-11f0-80d0-a0d3c1fab97f/exhibitors/384246?&stand=15B165";"ЕВРОФУДТЕХНОЛОДЖИС, ООО";"http://www.eft-rus.ru/";"+7 (495) 781-2536";"zakazeft@eft-rus.ru";"Комплексные упаковочные линии Вертикальные упаковочные машины Оборудование для производства продуктов глубокой заморозки Оборудование для переработки мяса Оборудование для изготовления мясных полуфабрикатов Промышленные холодильники и морозильники"
"https://icatalog.expocentr.ru/ru/exhibitions/a94ff0c2-5685-11f0-80d0-a0d3c1fab97f/exhibitors/384195?&stand=15A032";"ЗАВОД АГРЕГАТ, ООО";"https://xn----8sbalaid9a5cdqajc.xn--p1ai/";"+7 4732787310, +7 4732124393, +7 4732258374";"cutter36@mail.ru";"Оборудование для переработки птицы, дичи Оборудование для изготовления колбасных изделий Оборудование для изготовления мясных полуфабрикатов Российский экспортер"
"https://icatalog.expocentr.ru/ru/exhibitions/a94ff0c2-5685-11f0-80d0-a0d3c1fab97f/exhibitors/384563?&stand=15B132";"ЗАВОД ТОРНАДО, ООО";"http://www.tornadofactory.ru/";"+7 (918) 767-6608";"tornadofactory@yandex.ru";"Комплексные решения для предприятий пищевой промышленности Автоматизация пищевых производств и технологических процессов Оборудование для производства снеков, сухих завтраков, сухофруктов Термическое оборудование Российский экспортер"
"https://icatalog.expocentr.ru/ru/exhibitions/a94ff0c2-5685-11f0-80d0-a0d3c1fab97f/exhibitors/383971?&stand=15D060";"ЗВТ, ПТК, ООО";"http://www.zvt.ru/";"+7 (495) 663-8377/78";"info@zvt.ru";"Искусственные оболочки Натуральные оболочки"
"https://icatalog.expocentr.ru/ru/exhibitions/a94ff0c2-5685-11f0-80d0-a0d3c1fab97f/exhibitors/384943?&stand=15A082";"ЗЕНИТ ПКФ, ООО";"https://zenit-vrn.ru/product-category";"8 800 700-7241, +7 (962) 328-7478";"zenit.00@inbox.ru";"Оборудование для переработки мяса Оборудование для изготовления колбасных изделий Российский экспортер"
"https://icatalog.expocentr.ru/ru/exhibitions/a94ff0c2-5685-11f0-80d0-a0d3c1fab97f/exhibitors/384240?&stand=15C090";"ЗИВИЛ, ООО";"http://www.deft.ru/";"+7 (495) 647-0474";"postmaster@deft.ru";"Оборудование и технологии для убоя скота и первичной обработки Гигиеническое оборудование для персонала и санитарных постов Промышленные трапы и каналы Оборудование для переработки мяса Оборудование для изготовления колбасных изделий"
"https://icatalog.expocentr.ru/ru/exhibitions/a94ff0c2-5685-11f0-80d0-a0d3c1fab97f/exhibitors/384604?&stand=15C100";"ИЖИЦА, ООО";"https://ijiza.ru/";"+7 (812) 467-4210";"order@ijiza.ru";"Оборудование для переработки птицы Рыбопереработка. Оборудование для первичной обработки, переработки рыбы и морепродуктов, судовое и береговое оборудование, сопутствующее оборудование Комплексные решения для предприятий пищевой промышленности Дегидраторы Коптильни"
"https://icatalog.expocentr.ru/ru/exhibitions/a94ff0c2-5685-11f0-80d0-a0d3c1fab97f/exhibitors/383658?&stand=15E158";"ИЖПРОМХОЛОД, ООО";"http://kriocold.ru/";"+7 (912) 858-9609";"holod65@bk.ru";"Теплообменники, градирни, испарители, конденсаторы Холодильные агрегаты, моноблоки Криогенная заморозка, шоковая заморозка продуктов питания Системы шоковой заморозки (спиральные, тоннельные шкафы и агрегаты) хлебобулочных и кондитерских изделий Компрессорно-конденсаторные агрегаты Промышленные холодильники и морозильники"
"https://icatalog.expocentr.ru/ru/exhibitions/a94ff0c2-5685-11f0-80d0-a0d3c1fab97f/exhibitors/385117?&stand=15C085";"ИМС";"https://www.agroprodmash-expo.ru/";"";"";""
"https://icatalog.expocentr.ru/ru/exhibitions/a94ff0c2-5685-11f0-80d0-a0d3c1fab97f/exhibitors/383732?&stand=15E160";"ИНДИС, ООО";"http://www.indis.ru/";"+7 (495) 215-5104";"info@indis.ru";"Складское оборудование. Хранение Автоматизация пищевых производств и технологических процессов IT-технологии, серверное и сетевое оборудование, программное обеспечение Технологический аудит и услуги по модернизации предприятий Российский экспортер Холодильные и морозильные склады Контрольно-измерительное оборудование"
"https://icatalog.expocentr.ru/ru/exhibitions/a94ff0c2-5685-11f0-80d0-a0d3c1fab97f/exhibitors/384136?&stand=15C170";"ИНДУСТРИАЛЬНЫЕ РЕШЕНИЯ, ООО";"http://in-solution.ru/";"+7 (499) 704-6404";"inbox@in-solution.ru";"Оборудование и технологии для убоя скота и первичной обработки Рыбопереработка. Оборудование для первичной обработки, переработки рыбы и морепродуктов, судовое и береговое оборудование, сопутствующее оборудование Комплексные решения для предприятий пищевой промышленности Системы автоматизации управления производственными процессами Оборудование для переработки молока и производства молочных продуктов Холодильные агрегаты, моноблоки"
"https://icatalog.expocentr.ru/ru/exhibitions/a94ff0c2-5685-11f0-80d0-a0d3c1fab97f/exhibitors/383952?&stand=15B118";"ИНТЕГРАЛ ПЛЮС, ООО";"http://www.xn--80aaf5abwe5a.xn--p1ai/";"+7 843 567-5315";"integralrop@gmail.com";"Упаковочное оборудование для сыпучих продуктов Упаковочное оборудование для штучных продуктов Фасовочные машины Вертикальные упаковочные машины Горизонтальные упаковочные машины Оборудование для групповой упаковки"
"https://icatalog.expocentr.ru/ru/exhibitions/a94ff0c2-5685-11f0-80d0-a0d3c1fab97f/exhibitors/384942?&stand=15A082";"ИНТЕЛКА Группа компаний, ООО";"https://intelka.ru/";"8 800 555-9375";"intelka@intelka.ru";"Оборудование для маркировки Автоматизированные системы для маркировки и прослеживаемости товаров Комплексные решения для предприятий пищевой промышленности Автоматизация пищевых производств и технологических процессов Системы автоматизации управления производственными процессами Проектирование, строительство и реконструкция"
"https://icatalog.expocentr.ru/ru/exhibitions/a94ff0c2-5685-11f0-80d0-a0d3c1fab97f/exhibitors/384293?&stand=15D140";"ИНТЕРКОЛД, ООО";"https://rosholod.org/";"8 800 200-3130";"info@rosholod.org";"Российский экспортер Генерация холода, морозильные аппараты, специальные холодильники, льдогенераторы, льдоаккумуляторы Холодо-, теплоизоляция, сэндвич-панели Холодильные агрегаты, моноблоки Криогенная заморозка, шоковая заморозка продуктов питания Системы шоковой заморозки (спиральные, тоннельные шкафы и агрегаты) хлебобулочных и кондитерских изделий Компрессорно-конденсаторные агрегаты Промышленные холодильники и морозильники"
"https://icatalog.expocentr.ru/ru/exhibitions/a94ff0c2-5685-11f0-80d0-a0d3c1fab97f/exhibitors/384018?&stand=15B050";"ИНТЕРМИК РУСТЕХ, ООО";"http://www.intermik.ru/";"+7 (495) 231-1900";"intermik@intermik.ru";"Оборудование и технологии для убоя скота и первичной обработки Оборудование для переработки птицы Упаковочное оборудование Промышленная санитария Оборудование для переработки мяса Оборудование для изготовления колбасных изделий"
"https://icatalog.expocentr.ru/ru/exhibitions/a94ff0c2-5685-11f0-80d0-a0d3c1fab97f/exhibitors/383906?&stand=15D090";"ИНФИНИТ ГРУП, ООО";"http://infinite-group.ru/";"+7 (495) 721-8661";"info@infinit-group.ru";"Теплообменники, градирни, испарители, конденсаторы"
"https://icatalog.expocentr.ru/ru/exhibitions/a94ff0c2-5685-11f0-80d0-a0d3c1fab97f/exhibitors/383802?&stand=15D150";"ИРБИС Завод";"http://irbispro.ru/";"+7 (499) 350-2395";"mail@irbispro.ru";"Оборудование для производства быстрозамороженных продуктов Оборудование для производства продуктов глубокой заморозки Криогенная заморозка, шоковая заморозка продуктов питания Морозильные лари, камеры, регалы, бонеты, холодильные шкафы, стеллажи, витрины, установки Холодильные и морозильные склады Промышленные холодильники и морозильники"
"https://icatalog.expocentr.ru/ru/exhibitions/a94ff0c2-5685-11f0-80d0-a0d3c1fab97f/exhibitors/383910?&stand=15E155";"КАСКАД, АО";"http://oaokaskad.ru/";"+7 87822 50065";"marketing@oaokaskad.ru";"Теплообменники, градирни, испарители, конденсаторы Компрессорно-конденсаторные агрегаты Морозильные лари, камеры, регалы, бонеты, холодильные шкафы, стеллажи, витрины, установки Промышленные холодильники и морозильники"
"https://icatalog.expocentr.ru/ru/exhibitions/a94ff0c2-5685-11f0-80d0-a0d3c1fab97f/exhibitors/383664?&stand=15C050";"КБ ТЕХНОЛОГИЯ, ООО";"https://kb-technology.ru/";"+7 (3812) 900-450";"kbteh22@yandex.ru";"Оборудование для переработки сырья Оборудование для производства макаронных изделий Оборудование для производства продуктов быстрого приготовления Оборудование для переработки мяса Оборудование для изготовления мясных полуфабрикатов Оборудование для производства пельменей, вареников, равиоли Российский экспортер"
"https://icatalog.expocentr.ru/ru/exhibitions/a94ff0c2-5685-11f0-80d0-a0d3c1fab97f/exhibitors/383759?&stand=15C020";"КОМПО, МАШИНОСТРОИТЕЛЬНОЕ ПРЕДПРИЯТИЕ, ООО";"http://www.kompo.by/";"+375 339113030";"market@kompo.by";"Шприцы колбасные Аренда оборудования Клипсаторы Оборудование для изготовления колбасных изделий Оборудование для изготовления мясных полуфабрикатов Оборудование для производства сыров"
"https://icatalog.expocentr.ru/ru/exhibitions/a94ff0c2-5685-11f0-80d0-a0d3c1fab97f/exhibitors/384592?&stand=15C100";"КОМПОНЕНТ ПЛЮС, ООО";"https://komponent-plus.ru/";"+7 (473) 272-7755";"2299888@mail.ru";"Дозаторы для пастообразных и сложнокомпонентных продуктов Запчасти, комплектующие, расходные материалы для оборудования Оборудование для нарезки сыров Хлеборезки Оборудование для изготовления колбасных изделий Морозильные лари, камеры, регалы, бонеты, холодильные шкафы, стеллажи, витрины, установки"
"https://icatalog.expocentr.ru/ru/exhibitions/a94ff0c2-5685-11f0-80d0-a0d3c1fab97f/exhibitors/384033?&stand=15A130";"КОНСТАНТА-Т";"http://www.konstanta-t.com/";"+7 (495) 513-1167";"mail@konstanta-t.com";"Запчасти, комплектующие, расходные материалы для оборудования Оборудование для переработки мяса Клипсаторы Оборудование для нарезки, измельчения, изготовления фарша. Смесители Оборудование для изготовления колбасных изделий Оборудование для нарезки колбасных изделий"
"https://icatalog.expocentr.ru/ru/exhibitions/a94ff0c2-5685-11f0-80d0-a0d3c1fab97f/exhibitors/384029?&stand=15C040";"КОНСТАНТА, АО";"http://www.aoconstanta.ru/";"+7 (495) 513-1147";"mail@aoconstanta.ru";"Запчасти, комплектующие, расходные материалы для оборудования Комплексные решения для предприятий пищевой промышленности Монтаж, сервисное обслуживание, восстановление и ремонт оборудования Восстановление и продажа б/у оборудования Ремонт оборудования Сервисное обслуживание оборудования"
"https://icatalog.expocentr.ru/ru/exhibitions/a94ff0c2-5685-11f0-80d0-a0d3c1fab97f/exhibitors/384110?&stand=15B130";"КОРОЛАН НЕО, ООО";"https://korolan.com/";"+7 (499) 704-3884";"neo@korolan.ru";"Оборудование для переработки птицы Рыбопереработка. Оборудование для первичной обработки, переработки рыбы и морепродуктов, судовое и береговое оборудование, сопутствующее оборудование Системы автоматизации управления производственными процессами Оборудование и технологии для переработки и утилизации отходов Оборудование для спиртовой и ликеро-водочной промышленности Российский экспортер Оборудование для нейтрализации вредных промышленных отходов Оборудование для спиртовой и ликеро-водочной промышленности"
"https://icatalog.expocentr.ru/ru/exhibitions/a94ff0c2-5685-11f0-80d0-a0d3c1fab97f/exhibitors/383718?&stand=15B145";"КУАТ, ООО";"http://kuat-hd.ru/";"+7 (961) 373-9999";"info@kuat-impex.ru";"Проектирование, строительство и реконструкция"
"https://icatalog.expocentr.ru/ru/exhibitions/a94ff0c2-5685-11f0-80d0-a0d3c1fab97f/exhibitors/383742?&stand=15B055";"ЛАСКА РУС, ООО";"http://www.laska-processing.ru/";"+7 (495) 232-5632";"info@laska-processing.ru";"Упаковочное оборудование Запчасти, комплектующие, расходные материалы для оборудования Сервисное обслуживание оборудования Оборудование для производства детского питания Оборудование для переработки мяса Оборудование для изготовления колбасных изделий"
"https://icatalog.expocentr.ru/ru/exhibitions/a94ff0c2-5685-11f0-80d0-a0d3c1fab97f/exhibitors/384137?&stand=15D115";"ЛЕОНОВИЧ НПП, ООО";"https://leonovich.ru/";"+7 (967) 638-6363";"makeLeonovich@yandex.ru";"Оборудование для переработки птицы, дичи Оборудование для убоя и первичной переработки птицы Оборудование для переработки птицы Системы автоматизации управления производственными процессами IT-технологии, серверное и сетевое оборудование, программное обеспечение"
"https://icatalog.expocentr.ru/ru/exhibitions/a94ff0c2-5685-11f0-80d0-a0d3c1fab97f/exhibitors/384566?&stand=15D055";"ЛМЛ И КО, ООО";"http://www.l-co.ru/";"+7 (495) 989-1017";"info@l-co.ru";"Искусственные оболочки Натуральные оболочки Протеины Мясные изделия"
"https://icatalog.expocentr.ru/ru/exhibitions/a94ff0c2-5685-11f0-80d0-a0d3c1fab97f/exhibitors/384564?&stand=15D080";"ЛОГО ТРЕЙД, ООО (ЛОГОС, ТМ)";"http://www.logosltd.ru/";"+7 (812) 334-2121";"logos@logosltd.ru";"Упаковка и упаковочные материалы"
"https://icatalog.expocentr.ru/ru/exhibitions/a94ff0c2-5685-11f0-80d0-a0d3c1fab97f/exhibitors/384588?&stand=15C010";"М-СЕРВИС РУС, ООО";"https://www.agroprodmash-expo.ru/";"+7 (495) 980-0974";"info@ms-rus.ru";"Оборудование и сырье для выращивания и содержания птицы, свиней и КРС Оборудование для переработки птицы, дичи Оборудование для убоя и первичной переработки птицы Оборудование для переработки птицы"
"https://icatalog.expocentr.ru/ru/exhibitions/a94ff0c2-5685-11f0-80d0-a0d3c1fab97f/exhibitors/384099?&stand=15D030";"МАРТ.РФ";"http://www.xn--80axni.xn--p1ai/";"+7 (495) 229-1402";"";"Искусственные оболочки"
"https://icatalog.expocentr.ru/ru/exhibitions/a94ff0c2-5685-11f0-80d0-a0d3c1fab97f/exhibitors/384591?&stand=15B001";"МАСТЕРСКАЯ КИРИЛЛА НЕДОСЕКОВА";"http://www.tmeister.ru/";"+7 (916) 145-5589";"tmeister@mail.ru";"Производственный инвентарь Оборудование для переработки мяса Термическое оборудование Оборудование для изготовления колбасных изделий Оборудование для сушки и вяления пищевых продуктов. Сушильные шкафы, камеры и цеха Российский экспортер Оборудование для мясной и птицеперерабатывающей промышленности Оборудование для рыбоперерабатывающей промышленности Системы вентиляции, кондиционирования, климат-контроля Запчасти, комплектующие для оборудования Размораживающее оборудование"
"https://icatalog.expocentr.ru/ru/exhibitions/a94ff0c2-5685-11f0-80d0-a0d3c1fab97f/exhibitors/383789?&stand=15D155";"МАШДЕТАЛЬ ПЛЮС, ООО";"http://www.tdmd.ru/";"+7 (499) 703-4422";"info@tdmd.ru";"Комплексные решения для предприятий пищевой промышленности Криогенная заморозка, шоковая заморозка продуктов питания Холодильные и морозильные склады"
"https://icatalog.expocentr.ru/ru/exhibitions/a94ff0c2-5685-11f0-80d0-a0d3c1fab97f/exhibitors/383761?&stand=15B010";"МП-ТЕХНОЛОГИИ КАЛИНИНГРАД, ООО";"https://mp-tek.ru/";"+7 (967) 356-9857";"ivanova.n@mp-tek.ru";"Оборудование для нарезки, измельчения и порционирования Комплексные упаковочные линии Термоформование, наполнение и запечатывание Флоупак Комплексные решения для предприятий пищевой промышленности"
"https://icatalog.expocentr.ru/ru/exhibitions/a94ff0c2-5685-11f0-80d0-a0d3c1fab97f/exhibitors/383870?&stand=15C055";"МЯСНОЙ ОЛИМП, ООО";"http://www.meatolimp.ru/";"+7 (499) 450-5505";"order@meatolimp.ru";"Упаковочное оборудование Оборудование для нарезки и порционирования Пароконвектоматы Оборудование для переработки мяса Оборудование для изготовления колбасных изделий Оборудование для изготовления мясных полуфабрикатов"
"https://icatalog.expocentr.ru/ru/exhibitions/a94ff0c2-5685-11f0-80d0-a0d3c1fab97f/exhibitors/385101?&stand=15D122";"МЯСНЫЕ ИНДУСТРИАЛЬНЫЕ СИСТЕМЫ, ООО";"http://www.meatidea.ru/";"+7 (499) 917-0569";"oleg.sh2007@gmail.com";"Запчасти, комплектующие, расходные материалы для оборудования Оборудование для нарезки и порционирования Упаковочное оборудование и материалы Выкуп оборудования Монтаж, сервисное обслуживание, восстановление и ремонт оборудования Оборудование для переработки мяса"
"https://icatalog.expocentr.ru/ru/exhibitions/a94ff0c2-5685-11f0-80d0-a0d3c1fab97f/exhibitors/383752?&stand=15C120";"НКМЗ-СТ, ООО";"http://www.nkmz-eco.ru/";"+7 (34783) 70239";"st@nkmz.ru";"Кормопроизводство и кормозаготовка Комплексные решения для предприятий пищевой промышленности Автоматизация пищевых производств и технологических процессов Системы автоматизации управления производственными процессами Оборудование для переработки сырья"
"https://icatalog.expocentr.ru/ru/exhibitions/a94ff0c2-5685-11f0-80d0-a0d3c1fab97f/exhibitors/384098?&stand=15C025";"НХЛ ГРУППА КОМПАНИЙ";"http://www.gk-nhl.ru/";"+7 831 288-3884";"orlova@gk-nhl.ru";"Хлебопекарное оборудование Оборудование для переработки мяса Оборудование для изготовления колбасных изделий Оборудование для изготовления мясных полуфабрикатов Оборудование для нарезки колбасных изделий Ингредиенты по направлениям"
"https://icatalog.expocentr.ru/ru/exhibitions/a94ff0c2-5685-11f0-80d0-a0d3c1fab97f/exhibitors/383887?&stand=15C075";"ОКАНТПРОМ, ООО";"http://www.okant.ru/";"+7 (495) 797-5510";"okant@okant.ru";"Комплексные решения для предприятий пищевой промышленности Оборудование для производства продуктов глубокой заморозки Оборудование для производства хлебобулочных изделий Оборудование для переработки мяса Оборудование для изготовления колбасных изделий Оборудование для изготовления мясных полуфабрикатов"
"https://icatalog.expocentr.ru/ru/exhibitions/a94ff0c2-5685-11f0-80d0-a0d3c1fab97f/exhibitors/384594?&stand=15C095";"ОЛЕРТ МАРКЕТИНГ, ООО";"https://ohlert.ru/";"+7 (495) 961-2061";"zyrina@ohlert.ru";"Комплексы вторичной переработки Оборудование и технологии для переработки и утилизации отходов"
"https://icatalog.expocentr.ru/ru/exhibitions/a94ff0c2-5685-11f0-80d0-a0d3c1fab97f/exhibitors/385120?&stand=15E068";"ОЛОНХО";"https://www.agroprodmash-expo.ru/";"";"";""
"https://icatalog.expocentr.ru/ru/exhibitions/a94ff0c2-5685-11f0-80d0-a0d3c1fab97f/exhibitors/384260?&stand=15B020";"ОРЕНКЛИП, ООО";"http://www.orenklip.ru/";"+7 3532402246";"info@orenklip.ru";"Оборудование и технологии для убоя скота и первичной обработки Оборудование для переработки птицы Промышленные роботы Упаковочные линии Восстановление и продажа б/у оборудования Оборудование для переработки мяса Российский экспортер Оборудование для нейтрализации вредных промышленных отходов Оборудование для мясной и птицеперерабатывающей промышленности Оборудование для убоя скота Упаковочное оборудование Оборудование для расфасовки и упаковки, розлива Холодильное оборудование"
"https://icatalog.expocentr.ru/ru/exhibitions/a94ff0c2-5685-11f0-80d0-a0d3c1fab97f/exhibitors/383918?&stand=15A035";"ПАНИНИ, ООО";"http://www.oppanini.ru/";"+7 (996) 498-9566";"info@oppanini.ru";"Дозирующие машины Этикетировочные машины, этикетировщики, аппликаторы этикеток Комплексные решения для предприятий пищевой промышленности Сервисное обслуживание оборудования Оборудование для производства консервов (мясных, рыбных, фруктовых/овощных)"
"https://icatalog.expocentr.ru/ru/exhibitions/a94ff0c2-5685-11f0-80d0-a0d3c1fab97f/exhibitors/384579?&stand=15D095";"ПАРТНЕР: МЯСОПЕРЕРАБОТКА";"https://www.agroprodmash-expo.ru/";"";"";"Специализированные СМИ и интернет-порталы"
"https://icatalog.expocentr.ru/ru/exhibitions/a94ff0c2-5685-11f0-80d0-a0d3c1fab97f/exhibitors/383852?&stand=15B090";"ПАХРА, НПО, ООО";"http://www.paxra.ru/";"+7 (495) 755-4755";"zakaz@paxra.ru";"Запчасти, комплектующие, расходные материалы для оборудования Промышленные роботы Монтаж, сервисное обслуживание, восстановление и ремонт оборудования Сервисное обслуживание оборудования Термическое оборудование"
"https://icatalog.expocentr.ru/ru/exhibitions/a94ff0c2-5685-11f0-80d0-a0d3c1fab97f/exhibitors/384250?&stand=15A050";"ПЕРМСКИЙ ЗАВОД СУШИЛЬНЫХ КАМЕР (ПЗСК)";"http://www.xn--g1agnj.xn--p1ai/";"+7 (982) 481-0880";"pzsk59@yandex.ru";"Оборудование для переработки птицы, дичи Оборудование для переработки фруктов и овощей Оборудование для переработки ягод, грибов Оборудование для переработки мяса Оборудование для сушки и вяления пищевых продуктов. Сушильные шкафы, камеры и цеха Оборудование для переработки картофеля"
"https://icatalog.expocentr.ru/ru/exhibitions/a94ff0c2-5685-11f0-80d0-a0d3c1fab97f/exhibitors/384243?&stand=15C010";"ПЕЯ АГРО, ООО";"http://www.peja.ru/";"+7 (495) 980-0974";"info@pejaagro.ru";"Оборудование для животноводческих комплексов Оборудование и сырье для выращивания и содержания птицы, свиней и КРС Оборудование и технологии для убоя скота и первичной обработки Оборудование для убоя и первичной переработки птицы Оборудование для переработки птицы Оборудование для овощехранилищ"
"https://icatalog.expocentr.ru/ru/exhibitions/a94ff0c2-5685-11f0-80d0-a0d3c1fab97f/exhibitors/383869?&stand=15B105";"ПОЛИ-КЛИП, ООО";"http://www.poly-clip.ru/";"+7 (495) 229-4670";"zapros@polyclip.ru";"Упаковочное оборудование для жидких и пастообразных продуктов Упаковочное оборудование для штучных продуктов Оборудование для маркировки Автоматизация пищевых производств и технологических процессов Клипсаторы Оборудование для производства сыров"
"https://icatalog.expocentr.ru/ru/exhibitions/a94ff0c2-5685-11f0-80d0-a0d3c1fab97f/exhibitors/383943?&stand=15C118";"ПРАКСИС ИНЖИНИРИНГ, OOO";"http://www.praxis.ru/";"+7 (495) 229-7792";"info@praxis.ru";"Оборудование для убоя и первичной переработки птицы Оборудование для переработки яиц Фасовочные машины Запчасти, комплектующие, расходные материалы для оборудования Автоматизация пищевых производств и технологических процессов Промышленные машины для мойки и сушки"
"https://icatalog.expocentr.ru/ru/exhibitions/a94ff0c2-5685-11f0-80d0-a0d3c1fab97f/exhibitors/384738?&stand=15E070";"ПРОГРАНАТ";"https://www.agroprodmash-expo.ru/";"+7 (909) 651-0135";"Yana-arapova@mail.ru";"Контрактное производство, производство изделий на заказ Оборудование для производства фруктовых и овощных соков"
"https://icatalog.expocentr.ru/ru/exhibitions/a94ff0c2-5685-11f0-80d0-a0d3c1fab97f/exhibitors/385121?&stand=15D075";"ПРОДМАШ-КОМПЛЕКТ ПКФ";"https://www.agroprodmash-expo.ru/";"";"";""
"https://icatalog.expocentr.ru/ru/exhibitions/a94ff0c2-5685-11f0-80d0-a0d3c1fab97f/exhibitors/383842?&stand=15E130";"ПРОФХОЛОД, ООО";"http://www.profholod.ru/";"8 800 533-3137";"info@profholod.ru";"Холодо-, теплоизоляция, сэндвич-панели Морозильные лари, камеры, регалы, бонеты, холодильные шкафы, стеллажи, витрины, установки Холодильные и морозильные склады Промышленные холодильники и морозильники"
"https://icatalog.expocentr.ru/ru/exhibitions/a94ff0c2-5685-11f0-80d0-a0d3c1fab97f/exhibitors/383678?&stand=15A010";"РАЙХ, АО";"http://www.reich-germany.pro/";"+7 (921) 311-5953";"office@reich-germany.pro";"Оборудование для переработки птицы, дичи Рыбопереработка. Оборудование для первичной обработки, переработки рыбы и морепродуктов, судовое и береговое оборудование, сопутствующее оборудование Оборудование для производства снеков, сухих завтраков, сухофруктов Оборудование для переработки мяса Оборудование для изготовления колбасных изделий Оборудование для переработки молока и производства молочных продуктов"
"https://icatalog.expocentr.ru/ru/exhibitions/a94ff0c2-5685-11f0-80d0-a0d3c1fab97f/exhibitors/384248?&stand=15C130";"РЕФИНЖИНИРИНГ, ООО";"http://www.refeng.ru/";"+7 (495) 721-0111";"s.zasipkina@refeng.ru";"Оборудование для производства сыров Холодильные агрегаты, моноблоки Криогенная заморозка, шоковая заморозка продуктов питания Компрессорно-конденсаторные агрегаты Холодильные и морозильные склады Промышленные холодильники и морозильники"
"https://icatalog.expocentr.ru/ru/exhibitions/a94ff0c2-5685-11f0-80d0-a0d3c1fab97f/exhibitors/384601?&stand=15B112";"РИВЬЕРА-ВЕНДИНГ, ООО";"http://www.wood-chips.ru/";"+7 (983) 660-0437";"matveeff7@mail.ru";"Мясные изделия Изделия из птицы Рыбная продукция"
"https://icatalog.expocentr.ru/ru/exhibitions/a94ff0c2-5685-11f0-80d0-a0d3c1fab97f/exhibitors/385123?&stand=15E126";"РОБОТЫ.УТМ";"https://www.agroprodmash-expo.ru/";"";"";""
"https://icatalog.expocentr.ru/ru/exhibitions/a94ff0c2-5685-11f0-80d0-a0d3c1fab97f/exhibitors/383748?&stand=15D035";"РОСНЕТ, ООО";"http://www.ros-net.ru/";"+7 (812) 309-2546";"info@ros-net.ru";"Упаковка и упаковочные материалы Гибкая упаковка Искусственные оболочки Натуральные оболочки Оборудование для производства искусственных и натуральных оболочек Оборудование для изготовления колбасных изделий"
"https://icatalog.expocentr.ru/ru/exhibitions/a94ff0c2-5685-11f0-80d0-a0d3c1fab97f/exhibitors/384764?&stand=15C156";"РОССОЮЗХОЛОДПРОМ";"https://holodunion.ru/";"+7 (499) 755-5867";"holod@rshp.ru";"Генерация холода, морозильные аппараты, специальные холодильники, льдогенераторы, льдоаккумуляторы Специализированный транспорт: рефрижераторы, изотермический транспорт Компрессорно-конденсаторные агрегаты Морозильные лари, камеры, регалы, бонеты, холодильные шкафы, стеллажи, витрины, установки Хладагенты, хладоносители, технические газы. Рефрижераторные масла Системы вентиляции, кондиционирования, климат-контроля. Сплит-системы"
"https://icatalog.expocentr.ru/ru/exhibitions/a94ff0c2-5685-11f0-80d0-a0d3c1fab97f/exhibitors/384141?&stand=15C045";"РУССКАЯ БРОНЯ, ТД, ООО";"http://www.rb32.ru/";"+7 (4832) 77-23-73";"info@rb32.ru";"Оборудование для убоя и первичной переработки птицы Комплексные упаковочные линии Автоматизированные системы для маркировки и прослеживаемости товаров Гигиеническое оборудование для персонала и санитарных постов Промышленная санитария Промышленные трапы и каналы Комплексные решения для предприятий пищевой промышленности Автоматизация пищевых производств и технологических процессов Промышленные роботы Промышленные машины для мойки и сушки Оборудование для гигиены персонала Глазировочное оборудование Оборудование для производства снеков, сухих завтраков, сухофруктов Взвешивание сыпучих материалов в потоке, системы взвешивания емкостей"
"https://icatalog.expocentr.ru/ru/exhibitions/a94ff0c2-5685-11f0-80d0-a0d3c1fab97f/exhibitors/384207?&stand=15C160";"РУССКИЕ МЕДНЫЕ ТРУБЫ";"http://www.coppertubes.ru/";"8 800 700-6804";"sale@coppertubes.ru";"Холодильное оборудование Теплообменники, градирни, испарители, конденсаторы Хладагенты, хладоносители, технические газы. Рефрижераторные масла Холодильные и морозильные склады"
"https://icatalog.expocentr.ru/ru/exhibitions/a94ff0c2-5685-11f0-80d0-a0d3c1fab97f/exhibitors/383784?&stand=15E055";"РУСУПАК, ООО";"http://www.rusupack.com/";"+7 (916) 998-9686";"rusupack@inbox.ru";"Спецодежда Производственный инвентарь Комплексные решения для предприятий пищевой промышленности"
"https://icatalog.expocentr.ru/ru/exhibitions/a94ff0c2-5685-11f0-80d0-a0d3c1fab97f/exhibitors/383854?&stand=15B095";"РУТЕКС, ООО";"https://rutexx.ru/";"+7 8452 24 36 20";"saratov@rutexx.ru";"Сушильные камеры Термическое оборудование Оборудование для сушки и вяления пищевых продуктов. Сушильные шкафы, камеры и цеха"
"https://icatalog.expocentr.ru/ru/exhibitions/a94ff0c2-5685-11f0-80d0-a0d3c1fab97f/exhibitors/384743?&stand=15C070";"САНРАЙЗ, ООО";"http://www.renderingplants.com/";"+86 199 5215 0269";"sales@sunriserendering.com";"Оборудование для животноводческих комплексов Оборудование для переработки птицы, дичи Оборудование для убоя и первичной переработки птицы Оборудование для переработки птицы"
"https://icatalog.expocentr.ru/ru/exhibitions/a94ff0c2-5685-11f0-80d0-a0d3c1fab97f/exhibitors/384011?&stand=15A080";"САРАТОВСКИЙ ЗАВОД ПИЩЕВОГО МАШИНОСТРОЕНИЯ";"http://www.sarzpm.ru/";"+7 (927) 223-3589";"sarzpm@yandex.ru";"Оборудование для переработки птицы, дичи Оборудование для переработки птицы Рыбопереработка. Оборудование для первичной обработки, переработки рыбы и морепродуктов, судовое и береговое оборудование, сопутствующее оборудование Запчасти, комплектующие, расходные материалы для оборудования Ремонт оборудования Оборудование для переработки мяса"
"https://icatalog.expocentr.ru/ru/exhibitions/a94ff0c2-5685-11f0-80d0-a0d3c1fab97f/exhibitors/383914?&stand=15C110";"СД ТЕХНОЛОДЖИ, ООО";"http://www.sdtechnology.ru/";"+7 (495) 231-4546";"info@sdtechnology.ru";"Оборудование и технологии для убоя скота и первичной обработки Запчасти, комплектующие, расходные материалы для оборудования Оборудование для нарезки, измельчения, изготовления фарша. Смесители Оборудование для сушки и вяления пищевых продуктов. Сушильные шкафы, камеры и цеха"
"https://icatalog.expocentr.ru/ru/exhibitions/a94ff0c2-5685-11f0-80d0-a0d3c1fab97f/exhibitors/384083?&stand=15E080";"СИБТЭКС, ООО";"http://www.sibtex.ru/";"+7 383 209-0009";"info@sibtex.com";"Оборудование и технологии для убоя скота и первичной обработки Упаковочное оборудование Комплексные упаковочные линии Упаковка и упаковочные материалы Запчасти, комплектующие, расходные материалы для оборудования Автоматизация пищевых производств и технологических процессов Монтаж, сервисное обслуживание, восстановление и ремонт оборудования Оборудование для переработки мяса Оборудование для изготовления колбасных изделий Генерация холода, морозильные аппараты, специальные холодильники, льдогенераторы, льдоаккумуляторы"
"https://icatalog.expocentr.ru/ru/exhibitions/a94ff0c2-5685-11f0-80d0-a0d3c1fab97f/exhibitors/383865?&stand=15C115";"СТАНКОМПЛЕКТ, ГК, ООО";"http://www.stankomplekt.com/";"+7 (499) 290-5535";"mail@stankomplekt.com";"Оборудование и технологии для убоя скота и первичной обработки Оборудование для нарезки, измельчения и порционирования Запчасти, комплектующие, расходные материалы для оборудования Оборудование для нарезки и порционирования Оборудование для переработки мяса Средства индивидуальной защиты персонала для пищевого производства"
"https://icatalog.expocentr.ru/ru/exhibitions/a94ff0c2-5685-11f0-80d0-a0d3c1fab97f/exhibitors/384957?&stand=15B118";"СТРОИТЕЛЬНЫЕ ИННОВАЦИИ, ООО";"https://strinn.ru/";"+7 (917) 920-2829";"artur.g@innmash.ru";"Клеточные установки Оборудование и сырье для выращивания и содержания птицы, свиней и КРС"
"https://icatalog.expocentr.ru/ru/exhibitions/a94ff0c2-5685-11f0-80d0-a0d3c1fab97f/exhibitors/384716?&stand=15C072";"СФТ, ООО";"http://www.sftsbp.com/";"+7 (812) 324-1823";"konstantin.spiridonov@sftspb.com";"Оборудование и технологии для переработки и утилизации отходов Технологии и оборудование для энергоэффективности и защиты окружающей среды Теплообменники, градирни, испарители, конденсаторы"
"https://icatalog.expocentr.ru/ru/exhibitions/a94ff0c2-5685-11f0-80d0-a0d3c1fab97f/exhibitors/384770?&stand=15B118";"ТАСМА НПП, ООО";"http://tasma.ru/";"8 800 500-9056, +7 (843) 212-14-86";"priemnaya@tasma.ru";"Упаковка и упаковочные материалы Вакуумная упаковка Упаковка под запайку Термоусадочная пленка Флоупак"
"https://icatalog.expocentr.ru/ru/exhibitions/a94ff0c2-5685-11f0-80d0-a0d3c1fab97f/exhibitors/383676?&stand=15B060";"ТЕРМО, ООО";"http://www.termeat.ru/";"+7 (495) 136-6936";"info@termeat.ru";"Упаковочное оборудование Оборудование для нарезки и порционирования Куттеры, мясорубки, фаршемешалки Слайсеры Оборудование для производства замороженных полуфабрикатов Оборудование для переработки мяса"
"https://icatalog.expocentr.ru/ru/exhibitions/a94ff0c2-5685-11f0-80d0-a0d3c1fab97f/exhibitors/383698?&stand=15C080";"ТЕХНА, ООО";"https://texha.ru/";"+7 (474) 220-03-42";"sale@texha.ru";"Клеточные установки Оборудование и сырье для выращивания и содержания птицы, свиней и КРС Запчасти, комплектующие, расходные материалы для оборудования Сервисное обслуживание оборудования Контрактное производство, производство изделий на заказ Российский экспортер Оборудование для мясной и птицеперерабатывающей промышленности"
"https://icatalog.expocentr.ru/ru/exhibitions/a94ff0c2-5685-11f0-80d0-a0d3c1fab97f/exhibitors/384153?&stand=15E010";"ТЕХНО-СОЮЗ, ООО";"http://www.teh-union.ru/";"+7 (931) 234-2043, (812) 449-4115";"teh-s@mail.ru";"Оборудование для переработки мяса Клипсаторы Оборудование для изготовления колбасных изделий Оборудование для изготовления мясных полуфабрикатов Российский экспортер Оборудование для мясной и птицеперерабатывающей промышленности"
"https://icatalog.expocentr.ru/ru/exhibitions/a94ff0c2-5685-11f0-80d0-a0d3c1fab97f/exhibitors/383666?&stand=15C100";"ТЕХНОКЛИП, ЗАО";"http://www.technoclip.ru/";"+7 (812) 319-3040";"baev@technoclip.ru";"Комплексные упаковочные линии Запчасти, комплектующие, расходные материалы для оборудования Монтаж, сервисное обслуживание, восстановление и ремонт оборудования Оборудование для дозировки и формирования Оборудование для переработки мяса Клипсаторы Оборудование для изготовления колбасных изделий Оборудование для производства сыров"
"https://icatalog.expocentr.ru/ru/exhibitions/a94ff0c2-5685-11f0-80d0-a0d3c1fab97f/exhibitors/384226?&stand=15A100";"ТЕХНОЛОГИИ И ОБОРУДОВАНИЕ, ООО";"http://www.unitprime.ru/";"8 800 302-3410";"info@unitprime.ru";"Куттеры, мясорубки, фаршемешалки Формующие шприцы, пилы, мясорубки Вакуумные упаковщики Запайщики пакетов и лотков Термоупаковщики Упаковочные линии"
"https://icatalog.expocentr.ru/ru/exhibitions/a94ff0c2-5685-11f0-80d0-a0d3c1fab97f/exhibitors/384239?&stand=15E090";"ТЕХНОМИТ, ООО";"http://www.tehnomeat.by/";"+375 173501665, +375 299626447";"tehnomeat@mail.ru";"Оборудование для переработки птицы, дичи Оборудование для убоя и первичной переработки птицы Монтаж оборудования Ремонт оборудования Технологическое проектирование и консалтинг Проектирование, строительство и реконструкция"
"https://icatalog.expocentr.ru/ru/exhibitions/a94ff0c2-5685-11f0-80d0-a0d3c1fab97f/exhibitors/383808?&stand=15D170";"ТЕХНОПУЛ-Р, ООО";"https://tecnopool-r.ru/";"+7 (495) 223-4402";"office@tecnopool-rus.ru";"Оборудование для производства быстрозамороженных продуктов Оборудование для производства продуктов глубокой заморозки Оборудование для производства хлебобулочных изделий Оборудование для изготовления мясных полуфабрикатов Оборудование для производства пельменей, вареников, равиоли Системы шоковой заморозки (спиральные, тоннельные шкафы и агрегаты) хлебобулочных и кондитерских изделий"
"https://icatalog.expocentr.ru/ru/exhibitions/a94ff0c2-5685-11f0-80d0-a0d3c1fab97f/exhibitors/383730?&stand=15C180";"ТЕХНОСТИЛЬ, ГК";"http://ts-panel.ru/";"8 800 555-9332";"info@ts-panel.ru";"Складская недвижимость: проектирование, строительство, эксплуатация Складское оборудование. Хранение Холодильные и морозильные склады Промышленные холодильники и морозильники"
"https://icatalog.expocentr.ru/ru/exhibitions/a94ff0c2-5685-11f0-80d0-a0d3c1fab97f/exhibitors/383982?&stand=15C140";"ТОБОЛ, ООО";"http://www.tobol-omsk.ru/";"+7 3812 538537, +7 (495) 568-1101";"info@tobol-omsk.ru";"Монтаж, сервисное обслуживание, восстановление и ремонт оборудования Проектирование, строительство и реконструкция Оборудование для производства хлебобулочных изделий Теплообменники, градирни, испарители, конденсаторы Компрессорно-конденсаторные агрегаты Системы вентиляции, кондиционирования, климат-контроля. Сплит-системы"
"https://icatalog.expocentr.ru/ru/exhibitions/a94ff0c2-5685-11f0-80d0-a0d3c1fab97f/exhibitors/383758?&stand=15C154";"ТОРГМАШ, ОАО";"http://www.beltorgmash.com/";"+375 163 45 09 61";"marketing@beltorgmash.com";"Оборудование для переработки фруктов и овощей Хлеборезки Оборудование для изготовления колбасных изделий Оборудование для изготовления мясных полуфабрикатов Оборудование для нарезки колбасных изделий"
"https://icatalog.expocentr.ru/ru/exhibitions/a94ff0c2-5685-11f0-80d0-a0d3c1fab97f/exhibitors/383831?&stand=15E020";"УРАЛЬСКАЯ ГУБЕРНИЯ АПК, ООО";"http://www.uralg.ru/";"+7 (912) 265-4924";"apkug@yandex.ru";"Биоинжиниринг Комплексы вторичной переработки Оборудование и технологии для переработки и утилизации отходов"
"https://icatalog.expocentr.ru/ru/exhibitions/a94ff0c2-5685-11f0-80d0-a0d3c1fab97f/exhibitors/384037?&stand=15D110";"УРБАНОВИЧ, ИП";"http://www.xn--80abeyxgkx7b.xn--p1ai/";"+7 (999) 417-2415";"techdoc@kiuran.ru";"Оборудование для производства консервов (мясных, рыбных, фруктовых/овощных) Оборудование для нарезки, измельчения, изготовления фарша. Смесители Термическое оборудование Оборудование для изготовления колбасных изделий Оборудование для изготовления мясных полуфабрикатов Оборудование для сушки и вяления пищевых продуктов. Сушильные шкафы, камеры и цеха"
"https://icatalog.expocentr.ru/ru/exhibitions/a94ff0c2-5685-11f0-80d0-a0d3c1fab97f/exhibitors/385132?&stand=15C175";"ФГБНУ ФНЦ ПИЩЕВЫХ СИСТЕМ ИМ. В.М. ГОРБАТОВА РАН";"https://www.agroprodmash-expo.ru/";"";"";""
"https://icatalog.expocentr.ru/ru/exhibitions/a94ff0c2-5685-11f0-80d0-a0d3c1fab97f/exhibitors/385125?&stand=15C030";"ФЕДОРОВ АЛЕКСЕЙ ВИКТОРОВИЧ, ИП";"https://www.agroprodmash-expo.ru/";"";"";""
"https://icatalog.expocentr.ru/ru/exhibitions/a94ff0c2-5685-11f0-80d0-a0d3c1fab97f/exhibitors/385131?&stand=15B110";"ФИНА-ПРОМИНЖИНИРИНГ";"https://www.agroprodmash-expo.ru/";"";"";""
"https://icatalog.expocentr.ru/ru/exhibitions/a94ff0c2-5685-11f0-80d0-a0d3c1fab97f/exhibitors/383816?&stand=15D045";"ФЛОРЭКС";"http://www.floreks.ru/";"+7 (343) 213-6180";"floreks@floreks.net";"Упаковка и упаковочные материалы Вакуумная упаковка Многослойная упаковка Термоусадочная пленка Российский экспортер Упаковка и упаковочные материалы"
"https://icatalog.expocentr.ru/ru/exhibitions/a94ff0c2-5685-11f0-80d0-a0d3c1fab97f/exhibitors/384247?&stand=15C130";"ФУД СЭЙФ ИНЖИНИРИНГ, ООО";"http://www.foodsafe.su/";"";"";"Дозирующие машины Оборудование для групповой упаковки Оборудование для нарезки и порционирования Оборудование для переработки овощей и фруктов Оборудование для работы с тестом Тепловое оборудование Упаковочное оборудование и материалы Технологическое проектирование и консалтинг Технологический аудит и услуги по модернизации предприятий Оборудование для производства консервов (мясных, рыбных, фруктовых/овощных) Оборудование для производства хлебобулочных изделий Оборудование для переработки мяса Оборудование для изготовления мясных полуфабрикатов Оборудование для производства пельменей, вареников, равиоли Системы шоковой заморозки (спиральные, тоннельные шкафы и агрегаты) хлебобулочных и кондитерских изделий"
"https://icatalog.expocentr.ru/ru/exhibitions/a94ff0c2-5685-11f0-80d0-a0d3c1fab97f/exhibitors/383774?&stand=15D130";"ФУЦЗЯНЬ ШУО ИН ТОРГОВАЯ КОМПАНИЯ, ООО";"http://www.snowman.cn/";"+7 (903) 134-4371";"alexey-sales@shuoyingtrade.com";"Рыбопереработка. Оборудование для первичной обработки, переработки рыбы и морепродуктов, судовое и береговое оборудование, сопутствующее оборудование Комплексные решения для предприятий пищевой промышленности Холодильные агрегаты, моноблоки Компрессорно-конденсаторные агрегаты Холодильные и морозильные склады Промышленные холодильники и морозильники"
"https://icatalog.expocentr.ru/ru/exhibitions/a94ff0c2-5685-11f0-80d0-a0d3c1fab97f/exhibitors/385133?&stand=15C015";"ЦЕНТР ПОДБОРА ПЕРСОНАЛА";"https://www.agroprodmash-expo.ru/";"";"";""
"https://icatalog.expocentr.ru/ru/exhibitions/a94ff0c2-5685-11f0-80d0-a0d3c1fab97f/exhibitors/385134?&stand=15D095";"ЦЕНТР ПРЕССЫ";"https://www.agroprodmash-expo.ru/";"";"";""
"https://icatalog.expocentr.ru/ru/exhibitions/a94ff0c2-5685-11f0-80d0-a0d3c1fab97f/exhibitors/384279?&stand=15B140";"ЦЕНТРАГРО, ООО";"http://www.centeragro.net/";"+7 (499) 394-1740";"info@centeragro.net";"Оборудование для животноводческих комплексов Оборудование и сырье для выращивания и содержания птицы, свиней и КРС Оборудование для переработки птицы, дичи Аквакультура (рыбоводство)"
"https://icatalog.expocentr.ru/ru/exhibitions/a94ff0c2-5685-11f0-80d0-a0d3c1fab97f/exhibitors/385130?&stand=15C100";"ШАРЫКИН ВИТАЛИЙ ВИТАЛЬЕВИЧ, ИП";"https://www.agroprodmash-expo.ru/";"";"";""
"https://icatalog.expocentr.ru/ru/exhibitions/a94ff0c2-5685-11f0-80d0-a0d3c1fab97f/exhibitors/384035?&stand=15D100";"ЭДЕЛЬВЕЙС, ООО";"http://www.edlw.ru/";"+7 (812) 740-3065";"info@edlw.ru";"Вакуумная упаковка Упаковка под запайку Гибкая упаковка Многослойная упаковка Флоупак Искусственные оболочки"
"https://icatalog.expocentr.ru/ru/exhibitions/a94ff0c2-5685-11f0-80d0-a0d3c1fab97f/exhibitors/384108?&stand=15D160";"ЭЛЕМЕНТУМ, ООО";"https://elementum.group/";"+7 (812) 676-8875";"sales@elementum.group";"Теплообменники, градирни, испарители, конденсаторы Холодильные агрегаты, моноблоки Компрессорно-конденсаторные агрегаты Морозильные лари, камеры, регалы, бонеты, холодильные шкафы, стеллажи, витрины, установки Холодильные и морозильные склады Промышленные холодильники и морозильники"
"https://icatalog.expocentr.ru/ru/exhibitions/a94ff0c2-5685-11f0-80d0-a0d3c1fab97f/exhibitors/383998?&stand=15C018";"ЭФФЕКТИВНЫЕ СИСТЕМЫ УПАКОВКИ, ООО";"http://www.espacking.by/";"+375 175171650";"info@espacking.by";"Упаковка и упаковочные материалы Гибкая упаковка Мягкая упаковка Многослойная упаковка Термоусадочная пленка"
"https://icatalog.expocentr.ru/ru/exhibitions/a94ff0c2-5685-11f0-80d0-a0d3c1fab97f/exhibitors/383837?&stand=15E025";"ЮКАТ-МАШ, ООО";"http://www.ucutknife.ru/";"+7 (812) 947-6099";"info@ucutknife.ru";"Запчасти, комплектующие, расходные материалы для оборудования Контрактное производство, производство изделий на заказ"
