Ññûëêà;Íàçâàíèå;Ñàéò;Òåëåôîí;Email;Ñòğàíà
"https://salon.dental-expo.com/companies/company/46676-grin-dent.html";"ÃĞÈÍ ÄÅÍÒ - ÃÅÍÅĞÀËÜÍÛÉ ÑÏÎÍÑÎĞ ÂÛÑÒÀÂÊÈ";"https://mos.greendent";"+7 (495) 120-09-69";"sales@greendent.ru";"Ğîññèÿ"
"https://salon.dental-expo.com/companies/company/48798-1s-meditsina-stomatologicheskaya-klinika.html";"1Ñ: ÌÅÄÈÖÈÍÀ. ÑÒÎÌÀÒÎËÎÃÈ×ÅÑÊÀß ÊËÈÍÈÊÀ";"https://stoma1c.ru";"+7 (495) 649-67-83";"info@stoma1c.ru";"Ğîññèÿ"
"https://salon.dental-expo.com/companies/company/149716-dexis-i-ejch-russland.html";"DEXIS - È İé÷ Ğóññëàíä";"";"";"";""
"https://salon.dental-expo.com/companies/company/11816-avanta.html";"ÀÂÀÍÒÀ";"http://www.avantainvest.com";"+7 (811) 52-36-526";"info@avantainvest.com";"Ğîññèÿ"
"https://salon.dental-expo.com/companies/company/13555-avantis-3d.html";"ÀÂÀÍÒÈÑ 3Ä";"http://www.avantis3d-soft.ru";"+7 (499) 394-77-48";"zakaz@avantis3d-soft.ru";"Ğîññèÿ"
"https://salon.dental-expo.com/companies/company/48792-aveldent.html";"ÀÂÅËÜÄÅÍÒ";"https://aveldent.ru";"+7 (495) 969-08-30";"zakaz@aveldent.ru";"Ğîññèÿ"
"https://salon.dental-expo.com/companies/company/12365-averon.html";"ÀÂÅĞÎÍ";"http://averon.ru";"8 (90) 296-44-88";"e.nadirchanov@gmail.com";"Ğîññèÿ"
"https://salon.dental-expo.com/companies/company/33052-avtomat-podarkov.html";"ÀÂÒÎÌÀÒ ÏÎÄÀĞÊÎÂ";"http://www.avtomatpodarkov.ru";"+7 (913) 653-79-56";"1@avtomatpodarkov.ru";"Ğîññèÿ"
"https://salon.dental-expo.com/companies/company/88677-aidite.html";"ÀÈÄÈÒÅ";"https://www.aidite.com";"";"";"Êèòàé"
"https://salon.dental-expo.com/companies/company/89112-aisera-tsirkoniya-blok.html";"ÀÈÑÅĞÀ ÖÈĞÊÎÍÈß ÁËÎÊ";"http://www.aiicera.com";"762975241";"762975241@qq.com";"Êèòàé"
"https://salon.dental-expo.com/companies/company/22193-ay-kyu-stom.html";"ÀÉ ÊÜŞ ÑÒÎÌ";"https://shop.iq";"+7 (495) 133-05-26";"mail@iq-stom.ru";"Ğîññèÿ"
"https://salon.dental-expo.com/companies/company/12359-aydent.html";"ÀÉÄÅÍÒ";"https://dent-it.ru";"+7 (800) 333-09-41";"sales@ident-it.ru";"Ğîññèÿ"
"https://salon.dental-expo.com/companies/company/11810-aydental.html";"ÀÉÄÅÍÒÀË";"http://www.idental.msk";"+7 (495) 143-00-04";"dm@idental.msk.ru";"Ğîññèÿ"
"https://salon.dental-expo.com/companies/company/359-ooo-ajtistom-torg.html";"ÀÉÒÈÑÒÎÌ";"http://itstom.ru";"+7 (495) 229-30-80";"mail@itstom.ru";"Ğîññèÿ"
"https://salon.dental-expo.com/companies/company/107421-akteon.html";"ÀÊÒÅÎÍ";"http://www.acteongroup.com";"+7 (495) 150-13-23";"info.ru@acteongroup.com";"Ğîññèÿ"
"https://salon.dental-expo.com/companies/company/304-nyumed.html";"ÀËÀÄÅÍÒ";"http://www.newmed-moscow.ru";"+7 (495) 585-5110";"newmed2003@yandex.ru";"Ğîññèÿ"
"https://salon.dental-expo.com/companies/company/145780-aldi-dent.html";"ÀËÄÈ ÄÅÍÒ";"";"";"";"Ğîññèÿ"
"https://salon.dental-expo.com/companies/company/12353-alkor-dent.html";"ÀËÊÎĞ ÄÅÍÒ";"http://alkordent.ru";"+7 (905) 701-66-62";"korchagin-dental@mail.ru";"Ğîññèÿ"
"https://salon.dental-expo.com/companies/company/108709-feniks.html";"ÀËÌÀÇÍÛÉ ÈÍÑÒĞÓÌÅÍÒ ÔÅÍÈÊÑ";"https://mail.ru";"+7 (916) 400-94-22";"feniks-abrasive@mail.ru";"Ğîññèÿ"
"https://salon.dental-expo.com/companies/company/30799-albatros.html";"ÀËÜÁÀÒĞÎÑ ÄÅÍÒ";"https://albatrosdent.ru";"+7 (923) 777-68-08";"albatrosdent@bk.ru";"Ğîññèÿ"
"https://salon.dental-expo.com/companies/company/145063-alkon.html";"ÀËÜÊÎÍ";"https://www.alkon.pro";"+79068910749";"dand@alkon.pro";"Ğîññèÿ"
"https://salon.dental-expo.com/companies/company/11798-amadent.html";"ÀÌÀÄÅÍÒ";"http";"+7 (846) 212-09-32";"amadent@bk.ru";"Ğîññèÿ"
"https://salon.dental-expo.com/companies/company/55657-amann-girrbakh.html";"ÀÌÀÍÍ ÃÈĞĞÁÀÕ";"https://amann-girrbach.ru";"+7 (499) 5515205";"amanngirrbach2013@gmail.com";"Ğîññèÿ"
"https://salon.dental-expo.com/companies/company/145066-ambilajf-nmf.html";"ÀÌÁÈËÀÉÔ ÍÌÔ";"https://www.ambilife.ru";"+7(4742) 22-72-32";"ambilife@inbox.ru";"Ğîññèÿ"
"https://salon.dental-expo.com/companies/company/88647-amrita.html";"ÀÌĞÈÒÀ/ÒÅÇÈÑ";"http://www.amrita-dent.ru";"+7 (812) 339-09-70";"info@amrita-dent.ru";"Ğîññèÿ"
"https://salon.dental-expo.com/companies/company/12347-amfodent.html";"ÀÌÔÎÄÅÍÒ";"http://www.amfodent.ru";"+7 (812) 670-49-77";"elenal@amfodent.ru";"Ğîññèÿ"
"https://salon.dental-expo.com/companies/company/5128-anhel.html";"ÀÍÕÅË ÒĞÅÉÄÈÍÃ";"http://anhel.ru";"+7 (800) 775-90-38";"info@anhel.ru";"Ğîññèÿ"
"https://salon.dental-expo.com/companies/company/41203-arion.html";"ÀĞÈÎÍ";"https://www.arion-servis.ru";"+78007751887";"info@arion-servis.ru";"Ğîññèÿ"
"https://salon.dental-expo.com/companies/company/11795-arnika.html";"ÀĞÍÈÊÀ";"http://arnika-med.ru";"+7 (495) 938-70-72";"info@arnika-med.ru";"Ğîññèÿ"
"https://salon.dental-expo.com/companies/company/145972-art-medenta.html";"ÀĞÒ ÌÅÄÅÍÒÀ";"https://artmedenta.ru";"+78005003287";"zakaz@artmedenta.ru";"Ğîññèÿ"
"https://salon.dental-expo.com/companies/company/143352-aurum.html";"ÀÓĞÓÌ";"https://www.aurumacademy.org";"8-936-135-92-91";"trade@aurumacademy.org";"Ğîññèÿ"
"https://salon.dental-expo.com/companies/company/12338-aers-med.html";"ÀİĞÑ-ÌÅÄ";"http://www.shpric.com";"+7 (495) 979-67-15";"aers2020@yandex.ru";"Ğîññèÿ"
"https://salon.dental-expo.com/companies/company/125994-bajt-market-kom.html";"ÁÀÉÒ-ÌÀĞÊÅÒ.ÊÎÌ";"https://www.bite-market.com";"8-952-251-54-51";"dr-granovskiy@yandex.ru";"Ğîññèÿ"
"https://salon.dental-expo.com/companies/company/12326-being-foshan.html";"ÁÅÈÍÃ ÔÎØÀÍ";"http://www.beingfoshan.ru";"+7 (343) 351-76-13";"stepin@solo-trade.ru";"Ğîññèÿ"
"https://salon.dental-expo.com/companies/company/12323-belmedinstrumenty-zavod.html";"ÁÅËÌÅÄÈÍÑÒĞÓÌÅÍÒÛ ÇÀÂÎÄ";"http://stommedimport.ru";"+7 (977) 4770301";"stommedimport@mail.ru";"Áåëàğóñü"
"https://salon.dental-expo.com/companies/company/89115-bi-end-i-koreya.html";"ÁÈ İÍÄ È ÊÎĞÅß";"";"";"";"Şæíàÿ Êîğåÿ"
"https://salon.dental-expo.com/companies/company/88407-bilyumiks-ru.html";"ÁÈËŞÌÈÊÑ.ĞÓ";"";"";"";"Ğîññèÿ"
"https://salon.dental-expo.com/companies/company/41224-dds-grupp.html";"ÁÈÎÒÅÌ";"http://biotem-russia.ru";"+7 (343) 363-62-36";"biotem-russia@internet.ru";"Ğîññèÿ"
"https://salon.dental-expo.com/companies/company/143370-zdorove.html";"ÁÈÑÈÊÎ";"https://jnb-shop.ru";"+7(495) 504-10-64";"info@jnb.group";"Ğîññèÿ"
"https://salon.dental-expo.com/companies/company/120525-bisko.html";"ÁÈÑÊÎ";"https://denco.pro";"8 800 333 72 80";"denco@denco.pro";"Ğîññèÿ"
"https://salon.dental-expo.com/companies/company/11843-bona-dent.html";"ÁÎÍÀ-ÄÅÍÒ";"https://bona-dent.store/produkciya";"+7 (495) 104-77-73";"info@bona-dent.ru";"Ğîññèÿ"
"https://salon.dental-expo.com/companies/company/12125-miloniko.html";"ÁĞÀÂÈÓÌ";"http://www.bravium.org";"+7 (499) 713-75-77";"bravium.org@yandex.ru";"Ğîññèÿ"
"https://salon.dental-expo.com/companies/company/12314-ben-eyr-dental-sa.html";"ÁÜÅÍ-İÉĞ ÄÅÍÒÀË";"https://bienair.com";"+7 (812) 363-03-52";"ba-ru@bienair.com";"Øâåéöàğèÿ"
"https://salon.dental-expo.com/companies/company/11672-longlayfdent.html";"ÁİÉÇËÀÉÔ";"http://www.baselife.ru";"+7 (495) 645-50-42";"info@baselife.ru";"Ğîññèÿ"
"https://salon.dental-expo.com/companies/company/48777-v-end-kh-dentalverk-avstriya.html";"Â İÍÄ Õ ÄÅÍÒÀËÂÅĞÊ, ÀÂÑÒĞÈß";"https://www.wh.com/ru_cis";"+7 (495) 269 48 68";"info.ru@wh.com";"Ğîññèÿ"
"https://salon.dental-expo.com/companies/company/77256-vajtsikret.html";"ÂÀÉÒ ÑÈÊĞÅÒ";"https://whitesecret.ru";"+7 (905) 951-94-77";"";"Ğîññèÿ"
"https://salon.dental-expo.com/companies/company/12311-valleks-m.html";"ÂÀËËÅÊÑ Ì";"http://www.vallexm.ru";"+7 (495) 784-71-24";"stom@vallexm.ru";"Ğîññèÿ"
"https://salon.dental-expo.com/companies/company/326-vatech.html";"ÂÀÒÅÊ";"http://www.vatechrussia.com";"+7 (495) 967-90-55";"info@vatechrussia.com";"Ğîññèÿ"
"https://salon.dental-expo.com/companies/company/111347-ooo-velldent.html";"ÂÅËËÄÅÍÒ";"";"";"";"Ğîññèÿ"
"https://salon.dental-expo.com/companies/company/12305-verdent.html";"ÂÅĞÄÅÍÒ";"http://www.verdent.pl";"8 (42) 288-40-52";"verdent@verdent.pl";"Ïîëüøà"
"https://salon.dental-expo.com/companies/company/143242-verikom.html";"ÂÅĞÈÊÎÌ";"";"";"";"Şæíàÿ Êîğåÿ"
"https://salon.dental-expo.com/companies/company/143461-veromed.html";"ÂÅĞÎÌÅÄ";"http://www.vero-med.ru";"8-920-555-84-4E-mail: ceo@vero-med.ruÀäğåñ: 193149, Ğîññèÿ, Ñàíêò-Ïåòåğáóğã, Ñàíêò-Ïåòåğáóğã, âí.òåğ.ã.ìóíèöèïàëüíûé îêğóã Íàğîäíûé, óë. Ğóñàíîâñêàÿ, ä.18, ê.8, ñòğ.1, êâ. 343";"ceo@vero-med.ru";"Ğîññèÿ"
"https://salon.dental-expo.com/companies/company/145531-vestlejk.html";"ÂÅÑÒËÅÉÊ";"http://www.orthodonticwestlake.com";"+8657188097327";"Lollyzheng@xihubiom.com.cn";"Êèòàé"
"https://salon.dental-expo.com/companies/company/26566-vzmo.html";"ÂÇÌÎ";"http://www.vzmo.su";"+7 (960) 880-15-90";"info@vzmo.su";"Ğîññèÿ"
"https://salon.dental-expo.com/companies/company/48969-vita-pul.html";"ÂÈÒÀ-ÏÓË";"https://www.vitapool.ru";"+7 (495) 514-19-07";"info@vitapool.ru";"Ğîññèÿ"
"https://salon.dental-expo.com/companies/company/12299-vitaliya.html";"ÂÈÒÀËÈß";"https://tpk-vitalia.ru";"+7 (343) 287-87-82";"info@tpk-vitalia.ru";"Ğîññèÿ"
"https://salon.dental-expo.com/companies/company/3213-vladmiva.html";"ÂËÀÄÌÈÂÀ";"http://www.vladmiva.ru";"+7 (4722) 20-05-55";"market@vladmiva.ru";"Ğîññèÿ"
"https://salon.dental-expo.com/companies/company/88404-vladmiva-bory-stomatologicheskie.html";"ÂËÀÄÌÈÂÀ ÁÎĞÛ ÑÒÎÌÀÒÎËÎÃÈ×ÅÑÊÈÅ";"https://vladmiva.ru";"+7/4722/200-555E-mail: market@vladmiva.ruÀäğåñ: 308023, Ğîññèÿ, Áåëãîğîäñêàÿ îáëàñòü, Áåëãîğîä, óëèöà Ñàäîâàÿ, äîì118";"market@vladmiva.ru";"Ğîññèÿ"
"https://salon.dental-expo.com/companies/company/144650-vt-m.html";"ÂÒ-Ì";"https://vtmed.ru";"+7 495 252 60 77";"med@vtcorp.ru";"Ğîññèÿ"
"https://salon.dental-expo.com/companies/company/48774-vkh-tajfun.html";"ÂÕ-ÒÀÉÔÓÍ";"https://wh-taifun.ru";"+7 (4967) 35-10-17";"info@wh-taifun.ru";"Ğîññèÿ"
"https://salon.dental-expo.com/companies/company/120171-galperina-i-n-ip.html";"ÃÀËÜÏÅĞÈÍÀ È.Í. ÈÏ";"";"";"";"Ğîññèÿ"
"https://salon.dental-expo.com/companies/company/55636-geosoft-dent.html";"ÃÅÎÑÎÔÒ ÄÅÍÒ";"https://geosoft-dent.ru";"+7 (495) 663-22-11";"geosoftdent@geosoft.ru";"Ğîññèÿ"
"https://salon.dental-expo.com/companies/company/12260-dental-market.html";"ÃËÀÂ ÄÅÍÒÀËÜ";"https://gl-dent.ru";"+7 (499) 652-77-10";"info@gl-dent.ru";"Ğîññèÿ"
"https://salon.dental-expo.com/companies/company/144553-glb-3d.html";"ÃËÁ 3Ä";"https://gmail.com";"400-1055-009E-mail: gelaibo6@gmail.comÀäğåñ: Êèòàé, Building 29,No.99 Taihu Road,Tinghu District, Yancheng City";"gelaibo6@gmail.com";"Êèòàé"
"https://salon.dental-expo.com/companies/company/144800-glori-smajl.html";"ÃËÎĞÈ ÑÌÀÉË";"http://www.glorysmile.com";"+8619142059551";"carl@enjoywhite.com";"Êèòàé"
"https://salon.dental-expo.com/companies/company/12278-goldident.html";"ÃÎËÄÈÄÅÍÒ";"http://www.goldident.ru";"+7 (964) 629-34-05";"info@goldident.ru";"Ğîññèÿ"
"https://salon.dental-expo.com/companies/company/55633-goffshtejn-dental-development.html";"ÃÎÔÔØÒÅÉÍ ÄÅÍÒÀË ÄÅÂÅËÎÏÌÅÍÒ (ÃÅÎÑÎÔÒ İÍÄÎËÀÉÍ) / ÄÅÍÒ ÅÄÓ";"http://www.geosoft.ru";"+7 (495) 663-22-11";"";"Ğîññèÿ"
"https://salon.dental-expo.com/companies/company/13540-grant.html";"ÃĞÀÍÒ";"http://www.ritodental.com";"+7 (926) 786-81-38";"ritodental@mail.ru";"Ğîññèÿ"
"https://salon.dental-expo.com/companies/company/77157-umk.html";"Ä-ÃÀÍ";"http://www.dgun.online";"+7 (3412) 97-09-79";"info@denttorg.ru";"Ğîññèÿ"
"https://salon.dental-expo.com/companies/company/43661-daj-ichi.html";"ÄÀÉ È×È";"https://daiichic.com";"+92 (321) 615-90-04E-mail: info@daiichic.comÀäğåñ: 51310, Ïàêèñòàí, Roras Road, Sialkot, New Miana Pura (Eastern)";"info@daiichic.com";"Ïàêèñòàí"
"https://salon.dental-expo.com/companies/company/143097-soko.html";"ÄÀËÀÓÄ";"";"";"";"Êèòàé"
"https://salon.dental-expo.com/companies/company/144538-pelajs-medikal.html";"ÄÀÍÄÈÑ";"";"";"";"Êèòàé"
"https://salon.dental-expo.com/companies/company/41221-dar-ink.html";"ÄÀĞ ÈÍÊ.";"https://dardentalclub.com";"+7 (919) 777-18-09";"";"Ğîññèÿ"
"https://salon.dental-expo.com/companies/company/146476-deger.html";"ÄÅÃÅĞ";"";"";"";"Êèòàé"
"https://salon.dental-expo.com/companies/company/77289-delodent.html";"ÄÅËÎÄÅÍÒ";"https://www.delodent.ru";"+7 (989) 987-00-07";"delodent@yandex.ru";"Ğîññèÿ"
"https://salon.dental-expo.com/companies/company/239-denko.html";"ÄÅÍÊÎ";"http://denco.pro";"+7 (800) 333-72-80";"denco@denco.pro";"Ğîññèÿ"
"https://salon.dental-expo.com/companies/company/111353-dental-pak.html";"ÄÅÍÏÀ ÏÀÊÈÑÒÀÍ";"https://gmail.com";"+79858899520";"Khansadakat633@gmail.com";"Ğîññèÿ"
"https://salon.dental-expo.com/companies/company/89154-denta-ru.html";"ÄÅÍÒÀ ĞÓ";"https://dentaru.ru";"+7(495)968-07-97";"mail@dentaru.ru";"Ğîññèÿ"
"https://salon.dental-expo.com/companies/company/12266-dental-ay-kyu.html";"ÄÅÍÒÀË ÀÉ ÊÜŞ";"https://indexmedia.pro";"+7 (495) 122 25 05";"online@indexmedia.pro";"Ğîññèÿ"
"https://salon.dental-expo.com/companies/company/48768-dental-dizajn.html";"ÄÅÍÒÀË ÄÈÇÀÉÍ";"https://dentaldesign-mos.ru";"óëèöà Ñâåğäëîâà, äîì 1E-mail: dentaldesign-mos@yandex.ruÀäğåñ: Ğîññèÿ, Ìîñêîâñêàÿ îáëàñòü, Êğàñíîàğìåéñê, óëèöà Ñâåğäëîâà, äîì 1";"dentaldesign-mos@yandex.ru";"Ğîññèÿ"
"https://salon.dental-expo.com/companies/company/43664-dental-konsalt.html";"ÄÅÍÒÀË ÊÎÍÑÀËÒ";"http://dental-consult.org";"+7 (499) 707-23-02";"registr@dental-consult.org";"Ğîññèÿ"
"https://salon.dental-expo.com/companies/company/770-dental-systems.html";"ÄÅÍÒÀË ÑÈÑÒÅÌÑ";"http://www.dentalsystems.ru";"+7 (499) 450-50-70";"info@dentsys.ru";"Ğîññèÿ"
"https://salon.dental-expo.com/companies/company/42373-dental-tajms.html";"ÄÅÍÒÀË ÒÀÉÌÑ";"https://dentaltimes.ru";"+7 (495) 122 25 05";"info@dentaltimes.ru";"Ğîññèÿ"
"https://salon.dental-expo.com/companies/company/18268-dental-tribyun-rossiya.html";"ÄÅÍÒÀË ÒĞÈÁÜŞÍ ĞÎÑÑÈß";"https://con-med.ru/magazines/dental_tribune";"+7 (495) 926-29-83";"media@con-med.ru";"Ğîññèÿ"
"https://salon.dental-expo.com/companies/company/89157-dental-khors.html";"ÄÅÍÒÀË ÕÎĞÑ";"https://d-kh.ru";"+7 (343) 287-02-47";"info@d-kh.ru";"Ğîññèÿ"
"https://salon.dental-expo.com/companies/company/2753-dental-east.html";"ÄÅÍÒÀË-ÈÑÒ";"http://www.dental-east.ru";"8 (800) 222-77-05";"sales@dental-east.ru";"Ğîññèÿ"
"https://salon.dental-expo.com/companies/company/13522-dentaleo-butik.html";"ÄÅÍÒÀËÅÎ";"https://dentaleo.ru";"+7 (499) 755-75-13";"dentaleo@mail.ru";"Ğîññèÿ"
"https://salon.dental-expo.com/companies/company/48765-dentalkadkam-ru.html";"ÄÅÍÒÀËÊÀÄÊÀÌ.ĞÓ";"http://www.dentalcadcam.ru";"+7 (495) 92-42-999";"info@dentalcadcam.ru";"Ğîññèÿ"
"https://salon.dental-expo.com/companies/company/16776-stompprogrupp--stomprogroup.html";"ÄÅÍÒÀËÏĞÎ";"https://dental-pro.online";"+7 (800) 600-37-96";"";"Ğîññèÿ"
"https://salon.dental-expo.com/companies/company/93051-dentalstaff.html";"ÄÅÍÒÀËÑÒÀÔÔ";"https://dentalstuff.ru";"+7 (901) 634-66-42";"shop@dentalstuff.ru";"Ğîññèÿ"
"https://salon.dental-expo.com/companies/company/145180-dentaltrener.html";"ÄÅÍÒÀËÒĞÅÍÅĞ";"https://dentaltrainer.ru";"+79636568895";"dentaltrainer77@mail.ru";"Ğîññèÿ"
"https://salon.dental-expo.com/companies/company/41263-dente-allegro.html";"ÄÅÍÒÅ ÀËËÅÃĞÎ";"http://www.dente-allegro.ru";"+7 (499) 788-16-18";"info@dente-allegro.ru";"Ğîññèÿ"
"https://salon.dental-expo.com/companies/company/18274-denteks.html";"ÄÅÍÒÅÊÑ";"http://www.dentex.ru";"+7 (800) 700-80-58";"info@dentex.ru";"Ğîññèÿ"
"https://salon.dental-expo.com/companies/company/12248-dentkist.html";"ÄÅÍÒÊÈÑÒ";"http://www.shaklin.ru";"+7 (383) 335-67-45";"ekad@shaklin.ru";"Ğîññèÿ"
"https://salon.dental-expo.com/companies/company/12242-dentoptiks.html";"ÄÅÍÒÎÏÒÈÊÑ";"http://www.dentoptics.ru";"+7 (495) 796-24-10";"mail@dentoptics.ru";"Ğîññèÿ"
"https://salon.dental-expo.com/companies/company/58425-dzhej-dentalkea.html";"ÄÆÅÉ ÄÅÍÒÀËÊÅÀ";"https://jdentalcare.ru";"+7 (978) 867-15-50";"dziuba.konstantyn@gmail.com";"Èòàëèÿ"
"https://salon.dental-expo.com/companies/company/124413-dzhenorej.html";"ÄÆÅÍÎĞÅÉ ÊÎ. ËÒÄ.";"http://www.genoray.ru";"+7 (495) 248-14-88";"s@genoray.ru";"Ğîññèÿ"
"https://salon.dental-expo.com/companies/company/145906-dzhi-aj-ar-brazers-interneshnl.html";"ÄÆÈ ÀÉ ÀĞ ÁĞÀÇÅĞÑ ÈÍÒÅĞÍÅØÍË";"http://www.gir.com";"+923216159004E-mail: mkh@gir.com.pkÀäğåñ: Roras Road Miana Pura Sialkot";"mkh@gir.com.pk";"Ïàêèñòàí"
"https://salon.dental-expo.com/companies/company/33139-dzhi-si.html";"ÄÆÈ ÑÈ";"http://www.eeo.gceurope";"+7 (495) 232-69-33";"";"Ğîññèÿ"
"https://salon.dental-expo.com/companies/company/50343-biokontsept.html";"ÄÆÈÍÈ ÊÀÄ/ÊÀÌ";"";"";"";"Ğîññèÿ"
"https://salon.dental-expo.com/companies/company/143358-dzhinmi.html";"ÄÆÈÍÌÈ";"";"";"";"Êèòàé"
"https://salon.dental-expo.com/companies/company/41272-di-dzhi-stom.html";"ÄÈ ÄÆÈ ÑÒÎÌ";"http://www.dgstom.ru";"+7 (495) 445-40-04";"info@dgstom.ru";"Ğîññèÿ"
"https://salon.dental-expo.com/companies/company/41275-diagnokat.html";"ÄÈÀÃÍÎÊÀÒ";"http://www.diagnocat.ru";"";"sales@diagnocat.com";"Ğîññèÿ"
"https://salon.dental-expo.com/companies/company/48759-diarsi-tp-tsentr-gruppa-kompanij.html";"ÄÈÀĞÑÈ ÃÊ (R.O.C.S.)";"http://www.rocs.ru";"+7 (495) 781-92-03";"info@globaldrc.com";"Ğîññèÿ"
"https://salon.dental-expo.com/companies/company/144556-dimaks-internejshnl.html";"ÄÈÌÀÊÑ ÈÍÒÅĞÍÅÉØÍË";"http://www.dmaxdental.co";"+82 2 312 2878E-mail: export@dmaxdental.co.krÀäğåñ: #120, 282, Sunhwagung-ro, Namyangiu-si, Gyeonggi-do, Korea";"export@dmaxdental.co.kr";"Şæíàÿ Êîğåÿ"
"https://salon.dental-expo.com/companies/company/3060-ooo-diesta.html";"ÄÈİÑÒÀ";"http://www.diesta.ru";"+7 (499) 236-61-01";"diesta@mail.ru";"Ğîññèÿ"
"https://salon.dental-expo.com/companies/company/41281-doktor-kim.html";"ÄÎÊÒÎĞ ÊÈÌ";"http://dr-kim.ru";"+7 (495) 150-66-50";"sales@dr-kim.ru";"Ğîññèÿ"
"https://salon.dental-expo.com/companies/company/89661-zevana-forma.html";"ÄĞÅÇÊÎÄ.ĞÓ";"https://vk.com/zewana_forma";"+7 (926) 431-01-41";"shmelyova007@yandex.ru";"Ğîññèÿ"
"https://salon.dental-expo.com/companies/company/120126-dea-grupp.html";"ÄİÀ ÃĞÓÏÏ";"https://dea-group.ru";"";"info@dea-group.ru";"Ğîññèÿ"
"https://salon.dental-expo.com/companies/company/41287-dyutifristom.html";"ÄŞÒÈÔĞÈÑÒÎÌ";"https://dutyfreestom.ru";"";"";"Ğîññèÿ"
"https://salon.dental-expo.com/companies/company/22220-evraziya.html";"ÅÂĞÀÇÈß";"http://eurasia-dent.ru";"+7 (495) 645-20-47";"eurasia-dent@yandex.ru";"Ğîññèÿ"
"https://salon.dental-expo.com/companies/company/12215-evraziya-dental.html";"ÅÂĞÀÇÈß ÄÅÍÒÀËÚ";"http://www.eurasiadental.ru";"+7 (495) 668-30-54";"moscow@eurasiadental.ru";"Ğîññèÿ"
"https://salon.dental-expo.com/companies/company/11840-evrofayl.html";"ÅÂĞÎÔÀÉË";"http://www.eurofile.ru";"+7 (495) 540-58-95";"info@eurofiles.ru";"Ğîññèÿ"
"https://salon.dental-expo.com/companies/company/22205-euronda-russiya.html";"ÅÓĞÎÍÄÀ ĞÓÑÑÈß";"http://www.eurondarussia.com";"+7 (812) 635-88-94";"info@euronda.com";"Ğîññèÿ"
"https://salon.dental-expo.com/companies/company/77316-zabota-2-0.html";"ÇÀÁÎÒÀ 2.0";"https://zabota.tech";"+7 (800) 555-38-62";"";"Ğîññèÿ"
"https://salon.dental-expo.com/companies/company/41296-zzm.html";"ÇÇÌ";"https://www";"+7 (4722) 200-555";"zzm31rus@yandex.ru";"Ğîññèÿ"
"https://salon.dental-expo.com/companies/company/146359-zma-dental.html";"ÇÌÀ ÄÅÍÒÀË";"http://www.zma-dental.com";"+8613813686840";"liuyangleo@zma-dental.com";"Êèòàé"
"https://salon.dental-expo.com/companies/company/143965-zona-indastriz.html";"ÇÎÍÀ ÈÍÄÀÑÒĞÈÇ";"https://www.zona.com";"+923109601111E-mail: shahbaz@zona.com.pkÀäğåñ: Pul Aik, Aminabad Road, Sialkot 51310, Pakistan";"shahbaz@zona.com.pk";"Ïàêèñòàí"
"https://salon.dental-expo.com/companies/company/11726-zubnaya-akademiya.html";"ÇÓÁÍÀß ÀÊÀÄÅÌÈß";"http://www.denty.ru";"+7(8452)-93-35-95";"saratov@denty.ru";"Ğîññèÿ"
"https://salon.dental-expo.com/companies/company/11453-zubnoy-tehnik.html";"ÇÓÁÍÎÉ ÒÅÕÍÈÊ";"https://zubtex.ru";"+7 (929) 612-20-52";"zubtech@mail.ru";"Ğîññèÿ"
"https://salon.dental-expo.com/companies/company/33130-zumaks.html";"ÇÓÌÀÊÑ";"http://www.prozumax.ru";"+7 (800) 7779286";"bronin@bst-3.ru";"Ğîññèÿ"
"https://salon.dental-expo.com/companies/company/88713-izdatelstvo-media-sfera.html";"ÈÇÄÀÒÅËÜÑÒÂÎ ÌÅÄÈÀ-ÑÔÅĞÀ";"http://www.mediasphera.ru";"+7495 482 4329";"info@mediasphera.ru";"Ğîññèÿ"
"https://salon.dental-expo.com/companies/company/107430-izen-implant.html";"ÈÇÅÍ ÈÌÏËÀÍÒ";"";"";"";"Ğîññèÿ"
"https://salon.dental-expo.com/companies/company/11714-ikadent.html";"ÈÊÀÄÅÍÒ";"http://www.ikadent.ru";"+7 (495) 223-35-42";"mail@ikadent.ru";"Ğîññèÿ"
"https://salon.dental-expo.com/companies/company/120522-iksgejt-dental.html";"ÈÊÑÃÅÉÒ ÄÅÍÒÀË";"https://xgatedental.ru";"+74957619900";"info@xgatedental.ru";"Ğîññèÿ"
"https://salon.dental-expo.com/companies/company/122186-ilink.html";"ÈËÈÍÊ ÄÅÍÒÀË";"http://www.yilink-dental.com";"";"elainechen023@gmail.com";"Êèòàé"
"https://salon.dental-expo.com/companies/company/88644-implamarket.html";"ÈÌÏËÀÌÀĞÊÅÒ";"https://mail.ru";"89181408266";"ufit123@mail.ru";"Ğîññèÿ"
"https://salon.dental-expo.com/companies/company/12209-implant-seyl.html";"ÈÌÏËÀÍÒ-ÑİÉË";"http://www.implantsale.ru";"+7 (495) 508-25-35";"";"Ğîññèÿ"
"https://salon.dental-expo.com/companies/company/13513-innova-dent.html";"ÈÍÍÎÂÀ ÄÅÍÒ";"https://nova-implants.ru";"+7 (343) 3517856";"innovadent@mail.ru";"Ğîññèÿ"
"https://salon.dental-expo.com/companies/company/12203-inter-podshipnik-grupp.html";"ÈÍÒÅĞ ÏÎÄØÈÏÍÈÊ-ÃĞÓÏÏ";"http://www.interbearing.com";"+7 (347) 256-96-23";"ibg@interbearing.com";"Ğîññèÿ"
"https://salon.dental-expo.com/companies/company/12200-iol.html";"ÈÎË";"http://www.oooiol.ru";"+7 (812) 570-40-74";"oooiol@mail.ru";"Ğîññèÿ"
"https://salon.dental-expo.com/companies/company/12197-iris.html";"ÈĞÈÑ";"http://www.liko-m.ru";"+7 (800) 555-81-49";"";"Ğîññèÿ"
"https://salon.dental-expo.com/companies/company/107481-jida.html";"ÉÈÄÀ";"";"";"";"Êèòàé"
"https://salon.dental-expo.com/companies/company/143773-jo-khelfkea.html";"ÉÎ ÕİËÔÊÅÀ";"http://www.yourhc.ru";"+7 (911) 816 6060";"sale@yhc.su";"Ğîññèÿ"
"https://salon.dental-expo.com/companies/company/12191-kagayaki.html";"ÊÀÃÀßÊÈ";"http://www.kagayakipolish.com";"+7 (911) 024-33-16";"info@kagayakipolish.com";"Ğîññèÿ"
"https://salon.dental-expo.com/companies/company/11702-kazanskie-instrumenty.html";"ÊÀÇÀÍÑÊÈÅ ÈÍÑÒĞÓÌÅÍÒÛ";"https://mail.ru";"+7 (861) 268-57-45";"oooki@mail.ru";"Ğîññèÿ"
"https://salon.dental-expo.com/companies/company/11699-kazanskiy-mediko-instrumentalnyy-zavod.html";"ÊÀÇÀÍÑÊÈÉ ÌÅÄÈÊÎ-ÈÍÑÒĞÓÌÅÍÒÀËÜÍÛÉ ÇÀÂÎÄ";"http://www.kmizgroup.ru";"+7 (843) 221-93-00";"info@kmiz-online.ru";"Ğîññèÿ"
"https://salon.dental-expo.com/companies/company/41302-kamdent-rossiya.html";"ÊÀÌÄÅÍÒ ĞÎÑÑÈß";"http://www.camdent.ru";"+7 (952) 9491613";"";"Ğîññèÿ"
"https://salon.dental-expo.com/companies/company/41320-kamed.html";"ÊÀÌÅÄ";"http://kamed.ru";"+7 (843) 236-54-79";"info@kamed.ru";"Ğîññèÿ"
"https://salon.dental-expo.com/companies/company/60990-kamtech.html";"ÊÀÌÒİ×";"";"";"";"Ğîññèÿ"
"https://salon.dental-expo.com/companies/company/33118-kardioplant.html";"ÊÀĞÄÈÎÏËÀÍÒ";"https://cardioplant.ru";"+7 (8412) 20-58-24";"info@cardioplant.ru";"Ğîññèÿ"
"https://salon.dental-expo.com/companies/company/12182-kassis.html";"ÊÀÑÑÈÑ";"http://kassis.ru";"+7 (800) 201-27-42";"info@kassis.ru";"Ğîññèÿ"
"https://salon.dental-expo.com/companies/company/41323-kisir-akademiya.html";"ÊÈÑÈĞ ÀÊÀÄÅÌÈß";"https://www.kisir.academy";"+7 (499) 490-66-16";"";"Ğîññèÿ"
"https://salon.dental-expo.com/companies/company/18322-klinicheskaya-stomatologiya.html";"ÊËÈÍÈ×ÅÑÊÀß ÑÒÎÌÀÒÎËÎÃÈß";"http://www.kstom.ru";"+7 (495) 637-52-26";"";"Ğîññèÿ"
"https://salon.dental-expo.com/companies/company/11690-klio.html";"ÊËÈÎ";"http://www.kliogem.ru";"+7 (495) 252-03-45";"info@kliogem.ru";"Ğîññèÿ"
"https://salon.dental-expo.com/companies/company/55594-kokso.html";"ÊÎÊÑÎ";"https://coxo-pro.ru";"+7 (800) 777-75-29";"coxo@coxo-pro.ru";"Ğîññèÿ"
"https://salon.dental-expo.com/companies/company/41326-kollapan.html";"ÊÎËËÀÏÀÍ";"http://www.collapan.ru";"+7 (495) 781-79-77";"info@collapan.ru";"Ğîññèÿ"
"https://salon.dental-expo.com/companies/company/93807-komandente.html";"ÊÎÌÀÍÄÅÍÒÅ";"https://justvision.ru";"+7 (965) 088 27 76";"info@justvision.ru";"Ğîññèÿ"
"https://salon.dental-expo.com/companies/company/237-kom-dental.html";"ÊÎÌÄÅÍÒÀËÜ";"http://comdental.ru";"+7 (495) 580-30-80";"comdental@comdental.ru";"Ğîññèÿ"
"https://salon.dental-expo.com/companies/company/12194-kavitron.html";"ÊÎÌÏÀÍÈß ÊÀÂÈÒĞÎÍ";"http://www.kavitron.ru";"+7 (495) 686-47-83";"mail@kavitron.ru";"Ğîññèÿ"
"https://salon.dental-expo.com/companies/company/41332-kompaniya-liment.html";"ÊÎÌÏÀÍÈß ËÈÌÅÍÒ";"http://www.liment.ru";"+7 (495) 781-63-02";"liment.ru@gmail.com";"Ğîññèÿ"
"https://salon.dental-expo.com/companies/company/12164-konmet.html";"ÊÎÍÌÅÒ";"http://www.conmet.ru";"+7 (495) 234-91-13";"conmet@conmet.ru";"Ğîññèÿ"
"https://salon.dental-expo.com/companies/company/41338-kontakt-pvp.html";"ÊÎÍÒÀÊÒ ÏÂÏ";"http://www.contact-kr.ru";"+7 (391) 270-99-77";"info@contact-kr.ru";"Ğîññèÿ"
"https://salon.dental-expo.com/companies/company/12161-koral---distribyuterskiy-i-tehnicheskiy-centr.html";"ÊÎĞÀË - ÄÈÑÒĞÈÁÜŞÒÅĞÑÊÈÉ È ÒÅÕÍÈ×ÅÑÊÈÉ ÖÅÍÒĞ";"http://www.coralspb.ru";"+7 (812) 655-50-50";"coralspb@mail.ru";"Ğîññèÿ"
"https://salon.dental-expo.com/companies/company/55561-smart-byuti.html";"ÊÎÑÂÅËË";"http://www.coswell.biz";"+39 (051) 664-91-11E-mail: info@coswell.bizÀäğåñ: 40050, Èòàëèÿ, Funo (BO), Via Gobetti, 4";"info@coswell.biz";"Èòàëèÿ"
"https://salon.dental-expo.com/companies/company/120204-kravtsov-dental-grupp.html";"ÊĞÀÂÖÎÂ ÄÅÍÒÀË ÃĞÓÏÏ";"https://kravtsov.dental";"+79775773636";"info@kravtsov.dental";"Ğîññèÿ"
"https://salon.dental-expo.com/companies/company/941-kraftway.html";"ÊĞÀÔÒÂİÉ ÔÀĞÌÀ";"http://www.kraftwaydental.ru";"+7 (495) 232-69-33";"dental@kraftway.ru";"Ğîññèÿ"
"https://salon.dental-expo.com/companies/company/12155-kristall---kazan.html";"ÊĞÈÑÒÀËË";"https://kristallkazan.ru";"88432228865";"info@kristallkazan.ru";"Ğîññèÿ"
"https://salon.dental-expo.com/companies/company/88392-kristi.html";"ÊĞÈÑÒÈ";"";"";"";"Ğîññèÿ"
"https://salon.dental-expo.com/companies/company/77124-erin-khajden.html";"ÊÑÈËÈÁÎÍ/ÏËÀÊ ÒÅÑÒ";"https://erinhaiden.ru";"+7 911 006-93-13";"a.kungurova@erinhaiden.ru";"Ğîññèÿ"
"https://salon.dental-expo.com/companies/company/18331-ksing-ksing.html";"ÊÑÈÍÃ ÊÑÈÍÃ";"http://www.startopdental.com";"+86 (186) 00886262E-mail: lvguojie@msn.comÀäğåñ: Êèòàé, Shangdong, 1 Taibei Road, Jining";"lvguojie@msn.com";"Êèòàé"
"https://salon.dental-expo.com/companies/company/145522-ksinksian.html";"ÊÑÈÍÊÑÈÀÍ";"https://yanxi123.en";"+8615861343669";"chris@nenoble.com";"Êèòàé"
"https://salon.dental-expo.com/companies/company/88767-kiozir.html";"ÊÓÎÖÈĞ";"https://www.kyozir.com";"+86 159 2009 2442E-mail: sales@kyozir.comÀäğåñ: 518131, Êèòàé, GUANGDONG, Shenzhen, 306, 3rd Floor, Building B, 1970 Cultural and Creative Park, Minzhi Street";"sales@kyozir.com";"Êèòàé"
"https://salon.dental-expo.com/companies/company/26527-kyu-optiks-rossiya.html";"ÊÜŞ-ÎÏÒÈÊÑ";"http://q-optics.ru";"+7 (495) 740-56-20";"info@dentrum.ru";"Ğîññèÿ"
"https://salon.dental-expo.com/companies/company/88272-labomed.html";"ËÀÁÎÌÅÄ";"https://labomedrussia.ru";"+78123857455";"info@zmir.ru";"Ğîññèÿ"
"https://salon.dental-expo.com/companies/company/88764-lardzh-vi-instrument-korporejshn.html";"ËÀĞÄÆ ÂÈ";"http://www.largev.net";"(+86) 10 5083 6847E-mail: zhuping@largev.comÀäğåñ: Êèòàé, Beijing, Shuangqing Road, Haidian District, Beijing";"zhuping@largev.com";"Êèòàé"
"https://salon.dental-expo.com/companies/company/3198-leone.html";"ËÅÎÍÅ";"http://www.leoneorto.ru";"";"leone-zakaz@mail.ru";"Ğîññèÿ"
"https://salon.dental-expo.com/companies/company/145789-lotransgrup.html";"ËÎÒĞÀÍÑ ÃĞÓÏÏ";"https://lotrans.ru";"+7 (495) 763-65-83";"info@lotrans.ru";"Ğîññèÿ"
"https://salon.dental-expo.com/companies/company/145075-maj-kryu.html";"ÌÀÉ ÊĞŞ";"https://headwayortho.ru";"+7(843)225-11-84";"office.manager@mycrew.info";"Ğîññèÿ"
"https://salon.dental-expo.com/companies/company/11669-maydent24.html";"ÌÀÉÄÅÍÒ24";"http://www.mydent24.ru";"+7 (495) 665-79-32";"info@mydent24.ru";"Ğîññèÿ"
"https://salon.dental-expo.com/companies/company/26485-omitek.html";"ÌÀËÈÑÀ";"https://malisa-df.ru";"+7 (967) 038-20-93";"info@malisa-df.ru";"Ğîññèÿ"
"https://salon.dental-expo.com/companies/company/58350-megadzhen-rossiya.html";"ÌÅÃÀÄÆÅÍ ĞÎÑÑÈß";"https://megagen2026.tilda";"+7 (967) 132-87-47";"cea@megagen.ru";"Ğîññèÿ"
"https://salon.dental-expo.com/companies/company/26518-med-vedi.html";"ÌÅÄ-ÂÅÄÈ";"http://www.medvedistom.ru";"+7 (914) 927-6761";"medvedi.irk@gmail.com";"Ğîññèÿ"
"https://salon.dental-expo.com/companies/company/58407-medenta.html";"ÌÅÄÅÍÒÀ";"https://www.medenta.ru";"+7 800 500-32-54";"shop@medenta.ru";"Ğîññèÿ"
"https://salon.dental-expo.com/companies/company/109712-medikal-lajt-teknolodzhi.html";"ÌÅÄÈÊÀË ËÀÉÒ ÒÅÕÍÎËÎÄÆÈ";"https://medical-light-technology.ru";"+7 926 872-24-44";"medicallighttecnology@yandex.com";"Ğîññèÿ"
"https://salon.dental-expo.com/companies/company/11654-medimport.html";"ÌÅÄÈÌÏÎĞÒ İÍÒÈÀÉ";"https://mail.ru";"+7 (812) 329-36-69";"rdi-burs@mail.ru";"Ğîññèÿ"
"https://salon.dental-expo.com/companies/company/143159-medit.html";"ÌÅÄÈÒ";"https://www.medit.com";"";"";"Şæíàÿ Êîğåÿ"
"https://salon.dental-expo.com/companies/company/12137-medmarket-stom.html";"ÌÅÄÌÀĞÊÅÒ ÃĞÓÏÏ";"http://medmarketstom.ru";"+7 (916) 859-26-02";"shop@marketstom.ru";"Ğîññèÿ"
"https://salon.dental-expo.com/companies/company/109709-medpark.html";"ÌÅÄÏÀĞÊ";"https://medpark.net";"+827041411851";"biz@medpark.net";"Şæíàÿ Êîğåÿ"
"https://salon.dental-expo.com/companies/company/11648-medpress-inform.html";"ÌÅÄÏĞÅÑÑ-ÈÍÔÎĞÌ";"http://www.med-press.ru";"+7 (499) 558-04-54";"office@med-press.ru";"Ğîññèÿ"
"https://salon.dental-expo.com/companies/company/11696-kazan-medtehnika-100.html";"ÌÅÄÒÅÕÍÈÊÀ 100 ÊÀÇÀÍÜ-ÌÎÑÊÂÀ";"http://www.medtehnika100.ru";"+7 (843) 2054289";"medtexnika100@mail.ru";"Ğîññèÿ"
"https://salon.dental-expo.com/companies/company/33106-medergoshtule.html";"ÌÅÄİĞÃÎØÒÓËÅ";"http://www.medergostuehle.ru";"+7 (800) 1013908";"medergo@med-ergo.ru";"Ğîññèÿ"
"https://salon.dental-expo.com/companies/company/12131-mikor.html";"ÌÈÊÎĞ";"http://www.mi-kor.ru";"+7 (922) 17-17-153";"info@mi-kor.ru";"Ğîññèÿ"
"https://salon.dental-expo.com/companies/company/12128-mikrohirurgicheskie-tehnologii.html";"ÌÈÊĞÎÕÈĞÓĞÃÈ×ÅÑÊÈÅ ÒÅÕÍÎËÎÃÈÈ";"https://www.microsurgical.ru";"+7 (919) 6990016";"agent@microsurgical.ru";"Ğîññèÿ"
"https://salon.dental-expo.com/companies/company/48735-mir-meditsiny-tm.html";"ÌÈĞ ÌÅÄÈÖÈÍÛ ÒÌ";"http://www.mirmed.ru";"+7 (812) 325-25-64";"";"Ğîññèÿ"
"https://salon.dental-expo.com/companies/company/88245-eskyuenes.html";"ÌÈÑ ÑÈÊÂÅÍÑ";"https://sqns.ru";"+78007776587";"info@sqns.ru";"Ğîññèÿ"
"https://salon.dental-expo.com/companies/company/12119-micerium.html";"ÌÈÖÅĞÈÓÌ";"http://www.dental-sibir.ru";"+7 (499) 2299299";"info@dsgdental.ru";"Ğîññèÿ"
"https://salon.dental-expo.com/companies/company/22211-mk-yaroslavl.html";"ÌÊ ßĞÎÑËÀÂËÜ";"http://www";"+7 (4852) 42-95-60";"mrdent@mk37.ru";"Ğîññèÿ"
"https://salon.dental-expo.com/companies/company/150049-moniki.html";"ÌÎÍÈÊÈ";"";"";"";"Ğîññèÿ"
"https://salon.dental-expo.com/companies/company/88269-mosimplant.html";"ÌÎÑÈÌÏËÀÍÒ";"";"";"";"Ğîññèÿ"
"https://salon.dental-expo.com/companies/company/123786-mosnejro.html";"ÌÎÑÍÅÉĞÎ";"https://www.mosnerv.ru";"+7 929-552-62-45";"com@mosneuro.com";"Ğîññèÿ"
"https://salon.dental-expo.com/companies/company/11636-nairi-h.html";"ÍÀÈĞÈ-Õ";"http://www.nairi-x.ru";"+7 (843) 202-32-00";"nairi-x@yandex.ru";"Ğîññèÿ"
"https://salon.dental-expo.com/companies/company/143770-nashi-instrumenty.html";"ÍÀØÈ ÈÍÑÒĞÓÌÅÍÒÛ";"https";"+7 (843) 212-00-12";"nashi.in@yandex.ru";"Ğîññèÿ"
"https://salon.dental-expo.com/companies/company/89673-nivo.html";"ÍÈÂÎ";"https://nivo.msk";"+79936207272";"info@nivo.msk.ru";"Ğîññèÿ"
"https://salon.dental-expo.com/companies/company/11633-nika-dent.html";"ÍÈÊÀ ÄÅÍÒ";"http://www.nika-dent.ru";"+7 (495) 580-64-72";"zakaz.msk@nika-dent.ru";"Ğîññèÿ"
"https://salon.dental-expo.com/companies/company/111365-novabrash.html";"ÍÎÂÀÁĞÀØ";"https://endokey.ru";"+7 (907) 104-22-16";"novabrush.sale1@gmail.com";"Ğîññèÿ"
"https://salon.dental-expo.com/companies/company/12101-novgodent.html";"ÍÎÂÃÎÄÅÍÒ";"http://www.novgodent.pro";"+7 (800) 2345 888";"novgodent@mail.ru";"Ğîññèÿ"
"https://salon.dental-expo.com/companies/company/48726-nsk-rus.html";"ÍÑÊ ĞÓÑ";"https://russia.nsk";"+7 (495) 967-96-07";"info@nsk-nakanishi.ru";"Ğîññèÿ"
"https://salon.dental-expo.com/companies/company/145672-odo-della.html";"ÎÄÎ ÄÅËËÀ";"https://vitdella.by";"8 0212 62-07-08";"della_vit@mail.ru";"Áåëàğóñü"
"https://salon.dental-expo.com/companies/company/33094-olimp.html";"ÎËÈÌÏ";"http://www.olimp-dental.ru";"+7 (812) 388-45-38";"olimp-dental@mail.ru";"Ğîññèÿ"
"https://salon.dental-expo.com/companies/company/41359-omega-dent.html";"ÎÌÅÃÀ ÄÅÍÒ";"http://www.omegadent.ru";"+7 (495) 679-80-53";"info@omegadent.ru";"Ğîññèÿ"
"https://salon.dental-expo.com/companies/company/41362-omegaorto.html";"ÎÌÅÃÀÎĞÒÎ";"https://omega-ortho.ru";"+7(911)987-41-38";"region@omega-ortho.ru";"Ğîññèÿ"
"https://salon.dental-expo.com/companies/company/48744-laboratoriya-funktsionalnoj-diagnostiki-nmf.html";"ÎÎÎ ÍÌÔ «ÔÄËÀÁ»";"http://www.dentomoai.ru";"+7 (939) 844-13-13";"info@dentomo.ru";"Ğîññèÿ"
"https://salon.dental-expo.com/companies/company/120300-orodeka-ru.html";"ÎĞÎÄÅÊÀ";"http://orodeka.ru";"773633225";"";"Ğîññèÿ"
"https://salon.dental-expo.com/companies/company/18370-orto-ay-kyu.html";"ÎĞÒÎ ÀÉ ÊÜŞ";"https://indexmedia.pro";"+7 (495) 122 25 05";"online@indexmedia.pro";"Ğîññèÿ"
"https://salon.dental-expo.com/companies/company/18373-ortodontiya.html";"ÎĞÒÎÄÎÍÒÈß";"";"+7 (495) 611-11-88";"";"Ğîññèÿ"
"https://salon.dental-expo.com/companies/company/12377-ortospeys.html";"ÎĞÒÎÑÏÅÉÑ";"http://orthospace.ru";"+7 (912) 086-67-97";"info@orthospace.ru";"Ğîññèÿ"
"https://salon.dental-expo.com/companies/company/150181-okhis.html";"ÎÕÈÑ";"";"";"";"Ğîññèÿ"
"https://salon.dental-expo.com/companies/company/18376-parodontologiya.html";"ÏÀĞÎÄÎÍÒÎËÎÃÈß";"http://www.parodont.ru";"+7 (985) 457-58-05";"";"Ğîññèÿ"
"https://salon.dental-expo.com/companies/company/42403-perio-aj-kyu.html";"ÏÅĞÈÎ ÀÉ ÊÜŞ";"https://indexmedia.pro";"+7 (495) 122-25-05";"online@indexmedia.pro";"Ğîññèÿ"
"https://salon.dental-expo.com/companies/company/12068-polidenta.html";"ÏÎËÈÄÅÍÒÀ";"http://www";"+7 (3812) 23-64-39";"manager@polydenta.ru";"Ğîññèÿ"
"https://salon.dental-expo.com/companies/company/22229-polimer-stomatologiya.html";"ÏÎËÈÌÅĞ-ÑÒÎÌÀÒÎËÎÃÈß";"http://www.polimerstom.ru";"+7 (4722) 20-05-55";"market@vladmiva.ru";"Ğîññèÿ"
"https://salon.dental-expo.com/companies/company/11603-polistom-npo.html";"ÏÎËÈÑÒÎÌ ÍÏÊ";"http://www.polystom.ru";"+7 (985) 910-5820";"office@polystom.ru";"Ğîññèÿ"
"https://salon.dental-expo.com/companies/company/41377-prezident-dental.html";"ÏĞÅÇÈÄÅÍÒ ÄÅÍÒÀË";"http://presidentdental.com";"+7 (495) 981-85-55";"info@presidentdental.com";"Ãåğìàíèÿ"
"https://salon.dental-expo.com/companies/company/18379-prolab-ay-kyu.html";"ÏĞÎËÀÁ ÀÉ ÊÜŞ";"https://indexmedia.pro";"+7 (495) 122 25 05";"online@indexmedia.pro";"Ğîññèÿ"
"https://salon.dental-expo.com/companies/company/126021-protega.html";"ÏĞÎÒÅÃÀ";"https://protega.ru";"8-938-654-97-00";"stm-family@mail.ru";"Ğîññèÿ"
"https://salon.dental-expo.com/companies/company/143743-pumpa-gk.html";"ÏÓÌÏÀ";"https://www.pumpagroup.ru";"+7 (495) 990-03-03";"info@pumpagroup.ru";"Ğîññèÿ"
"https://salon.dental-expo.com/companies/company/11828-rabberdam-klub.html";"ĞÀÁÁÅĞÄÀÌ ÊËÓÁ";"http://www.rubberdamclub.ru";"+7 (909) 932-04-73";"pj.rubberdamclub@gmail.com";"Ğîññèÿ"
"https://salon.dental-expo.com/companies/company/41386-ratadent.html";"ĞÀÒÀÄÅÍÒ";"http://ratadent.ru";"+7 (495) 766-30-31";"info@ratadent.ru";"Ğîññèÿ"
"https://salon.dental-expo.com/companies/company/41389-raudentall.html";"ĞÀÓÄÅÍÒÀËË";"http://raudentall.ru";"+7 (812) 648-22-28";"info@raudentall.ru";"Ğîññèÿ"
"https://salon.dental-expo.com/companies/company/12059-revilayn.html";"ĞÅÂÈËÀÉÍ";"https://revyline.ru";"+7 (495) 181-20-00";"sale@revyline.ru";"Ğîññèÿ"
"https://salon.dental-expo.com/companies/company/120303-retrakt.html";"ĞÅÒĞÀÊÒ";"https://retract.ru";"+74950657550";"info@retract.ru";"Ğîññèÿ"
"https://salon.dental-expo.com/companies/company/77193-severnaya-fabrika.html";"ĞÅÒĞÈÊÑ";"https://retrix.ru";"+7 (921) 564-39-48";"retrix@mail.ru";"Ğîññèÿ"
"https://salon.dental-expo.com/companies/company/144638-rokada-akademiya.html";"ĞÎÊÀÄÀ ÀÊÀÄÅÌÈß";"";"";"";"Ğîññèÿ"
"https://salon.dental-expo.com/companies/company/120306-rokada-boks.html";"ĞÎÊÀÄÀ ÁÎÊÑ";"https://rocadabox.ru";"+78435706880";"mail@rocadamed.ru";"Ğîññèÿ"
"https://salon.dental-expo.com/companies/company/243-rokada-med.html";"ĞÎÊÀÄÀ ÌÅÄ";"http://www.rocadamed.ru";"+7 (843) 570-68-80";"mail@rocadamed.ru";"Ğîññèÿ"
"https://salon.dental-expo.com/companies/company/108697-rubljoff.html";"ĞÓÁË¨ÔÔ ÄÅÍÒÀË";"https://www.roubloff.ru";"+78332211603";"sales@roubloff.ru";"Ğîññèÿ"
"https://salon.dental-expo.com/companies/company/11594-rudent.html";"ĞÓÄÅÍÒ";"http://www.rudent.su";"+7 (495) 151-26-27";"rudent@yandex.ru";"Ğîññèÿ"
"https://salon.dental-expo.com/companies/company/143093-runies.html";"ĞÓÍÈÅÑ";"";"";"";"Êèòàé"
"https://salon.dental-expo.com/companies/company/107460-rusmed.html";"ĞÓÑÌÅÄ";"";"";"";"Ğîññèÿ"
"https://salon.dental-expo.com/companies/company/143065-rej.html";"ĞİÉ ĞÎÑÑÈß";"";"";"";"Ğîññèÿ"
"https://salon.dental-expo.com/companies/company/111644-kokso-rejshejp.html";"ĞİÉØÅÉÏ";"https://www.rayshape3d.com";"+864000983356";"sales@rayshape3d.com";"Êèòàé"
"https://salon.dental-expo.com/companies/company/55567-sajger.html";"ÑÀÉÃÅĞ";"";"";"";"Êèòàé"
"https://salon.dental-expo.com/companies/company/88263-san-farma.html";"ÑÀÍ ÔÀĞÌÀ";"https://sunpharma.com";"+7 (495) 234-56-11";"";"Ğîññèÿ"
"https://salon.dental-expo.com/companies/company/107463-sarzhvan.html";"ÑÀĞÆÂÀÍ";"";"";"";"Ğîññèÿ"
"https://salon.dental-expo.com/companies/company/96714-saf-dent.html";"ÑÀÔ ÄÅÍÒ";"https://saf-dent.ru";"+79262224999";"saf_dent@bk.ru";"Ğîññèÿ"
"https://salon.dental-expo.com/companies/company/147154-svarog.html";"ÑÂÀĞÎÃ";"https://svarog.tech";"";"info@svarog.tech";"Ğîññèÿ"
"https://salon.dental-expo.com/companies/company/50355-sd-keram.html";"ÑÄ ÊÅĞÀÌ";"https://sigmadent.com";"+79651800800";"sdceram@yandex.ru";"Ğîññèÿ"
"https://salon.dental-expo.com/companies/company/26452-selfident.html";"ÑÅËÔÈÄÅÍÒ";"https://selfiedent.ru";"8-985-690-33-36";"postmaster@selfiedent.ru";"Ğîññèÿ"
"https://salon.dental-expo.com/companies/company/12038-silkamed.html";"ÑÈËÊÀÌÅÄ";"http://www.silca.info";"+7 (495) 565-70-77";"info@rus-dent.ru";"Ğîññèÿ"
"https://salon.dental-expo.com/companies/company/146473-sinergium.html";"ÑÈÍÅĞÃÈÓÌ";"https://sinergium.ru";"8-920-430-57-14";"og@sinergium.ru";"Ğîññèÿ"
"https://salon.dental-expo.com/companies/company/107466-sinodent.html";"ÑÈÍÎÄÅÍÒ";"";"";"";"Êèòàé"
"https://salon.dental-expo.com/companies/company/12035-sistema-npooo.html";"ÑÈÑÒÅÌÀ ÍÏÎÎÎ";"http://www.sistema1.by";"+375 (17) 242-16-61";"sistema1.by@yandex.by";"Áåëàğóñü"
"https://salon.dental-expo.com/companies/company/91800-khjonan-sikhe-medikal-ekvipment.html";"ÑÈÕİ ÄÅÍÒÀË";"https://xihedental.com";"+86 13391221486E-mail: iris@xihedental.comÀäğåñ: No.102,Jinxinhuayuan Building 1,Beigongmao Road,Chengguan Town,Hua County,Anyang City,Henan,China";"iris@xihedental.com";"Êèòàé"
"https://salon.dental-expo.com/companies/company/120591-siejchem-gruppa.html";"ÑÈİÉ×İÌ ÃĞÓÏÏÀ";"https://wegorus.ru";"+7-8412-260-545";"chmgroup@yandex.ru";"Ğîññèÿ"
"https://salon.dental-expo.com/companies/company/143746-smart-stom.html";"ÑÌÀĞÒ ÑÒÎÌ";"https";"8-800-777-14-53";"smartstomtrade@yandex.ru";"Ğîññèÿ"
"https://salon.dental-expo.com/companies/company/143749-smart-titan.html";"ÑÌÀĞÒ ÒÈÒÀÍ";"https://smart-titan.ru";"8 (985) 769-81-01";"smart-titan@yandex.ru";"Ğîññèÿ"
"https://salon.dental-expo.com/companies/company/144577-smk-china.html";"ÑÌÊ-×ÀÉÍÀ";"https://qq.com";"+8613825737192";"767097167@qq.com";"Êèòàé"
"https://salon.dental-expo.com/companies/company/60942-soko-sani.html";"ÑÎÊÎ-ÑÀÍÈ";"https://socoru.ru";"+7 (925) 575-36-65";"admin@socoru.ru";"Ğîññèÿ"
"https://salon.dental-expo.com/companies/company/11579-sonis.html";"ÑÎÍÈÑ";"http://www.sonis.vrn";"+7 (473) 295-28-82";"sonis-npf@yandex.ru";"Ğîññèÿ"
"https://salon.dental-expo.com/companies/company/217-spident.html";"ÑÏÈÄÅÍÒ";"http://www.spident.ru";"+7 (812) 670-11-80";"info@spident.ru";"Ğîññèÿ"
"https://salon.dental-expo.com/companies/company/221-ss-vajt.html";"ÑÑ ÂÀÉÒ";"http://www.sswhite.ru";"+7 (495) 952-23-51";"aha@sswhite.ru";"Ğîññèÿ"
"https://salon.dental-expo.com/companies/company/23153-stl.html";"ÑÒË ÊÎÌÏÀÍÈß";"https://stl-comp.ru";"+7 (495) 351-83-72";"dmitriy_perov@stl-comp.ru";"Ğîññèÿ"
"https://salon.dental-expo.com/companies/company/12017-stok-dent.html";"ÑÒÎÊ-ÄÅÍÒ";"http://www.stock-dent.ru";"+7 (495) 7951895";"info@stock-dent.ru";"Ğîññèÿ"
"https://salon.dental-expo.com/companies/company/11564-stomadent.html";"ÑÒÎÌÀÄÅÍÒ";"http://www.stomadent.ru";"+7 (495) 514-93-13";"commerce@stomadent.ru";"Ğîññèÿ"
"https://salon.dental-expo.com/companies/company/41425-stomart.html";"ÑÒÎÌÀĞÒ";"http://stomart.ru";"+7 (495) 646-01-56";"info@stomart.ru";"Ğîññèÿ"
"https://salon.dental-expo.com/companies/company/18403-stomatologicheskaya-associaciya-rossii-star.html";"ÑÒÎÌÀÒÎËÎÃÈ×ÅÑÊÀß ÀÑÑÎÖÈÀÖÈß ĞÎÑÑÈÈ /ÑòÀĞ/";"http://www.e-stomatology.ru";"+7 (800) 500-52-62";"director-star@mail.ru";"Ğîññèÿ"
"https://salon.dental-expo.com/companies/company/18406-stomatologicheskiy-jurnal.html";"ÑÒÎÌÀÒÎËÎÃÈ×ÅÑÊÈÉ ÆÓĞÍÀË";"http://www.dentaljournal.by";"7 (517) 237-79-20";"";"Áåëàğóñü"
"https://salon.dental-expo.com/companies/company/11555-stomatologiya-detskogo-vozrasta-i-profilaktika.html";"ÑÒÎÌÀÒÎËÎÃÈß ÄÅÒÑÊÎÃÎ ÂÎÇĞÀÑÒÀ È ÏĞÎÔÈËÀÊÒÈÊÀ";"http://www.detstom.ru";"+7 (985) 457-58-05";"";"Ğîññèÿ"
"https://salon.dental-expo.com/companies/company/18412-stomatologiya-dlya-vseh.html";"ÑÒÎÌÀÒÎËÎÃÈß ÄËß ÂÑÅÕ";"http://www.sdvint.com";"+7 (495) 609-24-40";"";"Ğîññèÿ"
"https://salon.dental-expo.com/companies/company/18418-stomatologiya-serii-medicinskiy-alfavit.html";"ÑÒÎÌÀÒÎËÎÃÈß ÑÅĞÈÈ ÌÅÄÈÖÈÍÑÊÈÉ ÀËÔÀÂÈÒ";"http://www.medalfavit.ru";"+7 (495) 616-48-00";"dentistry_ma@mail.ru";"Ğîññèÿ"
"https://salon.dental-expo.com/companies/company/88254-stomatorg-e.html";"ÑÒÎÌÀÒÎĞÃ-Å";"";"";"";"Ğîññèÿ"
"https://salon.dental-expo.com/companies/company/48687-stombej.html";"ÑÒÎÌÁİÉ";"https://www.stombay.ru";"+7 (925) 356-89-68";"stombay@yandex.ru";"Ğîññèÿ"
"https://salon.dental-expo.com/companies/company/12002-stommarket.html";"ÑÒÎÌÌÀĞÊÅÒ";"https://stommarket.ru";"+7 (812) 426-19-39";"sale@stommarket.ru";"Ğîññèÿ"
"https://salon.dental-expo.com/companies/company/77181-stompolimer.html";"ÑÒÎÌÏÎËÈÌÅĞ";"https://www.stompolimer.ru";"+7 (966) 249-49-13";"sanpharm6@gmail.com";"Ğîññèÿ"
"https://salon.dental-expo.com/companies/company/572-ooo-stomprom.html";"ÑÒÎÌÏĞÎ";"https://yandex.ru";"8-900-366-12-56";"iulyaprokoshina@yandex.ru";"Ğîññèÿ"
"https://salon.dental-expo.com/companies/company/18424-stomtreydru.html";"ÑÒÎÌÒĞÅÉÄ.ĞÓ";"http://www.stomtrade.ru";"+7 (812) 325-25-64";"";"Ğîññèÿ"
"https://salon.dental-expo.com/companies/company/77178-stomus-m.html";"ÑÒÎÌÓÑ";"http://www.stomus.ru";"+7 (800) 550-48-48";"office@stomus.ru";"Ğîññèÿ"
"https://salon.dental-expo.com/companies/company/18427-stomshop.html";"ÑÒÎÌØÎÏ";"https://stomshop.pro";"+7 (812) 309-86-90";"zakaz@stomshop.pro";"Ğîññèÿ"
"https://salon.dental-expo.com/companies/company/11990-strum.html";"ÑÒĞÓÌ";"http://www.strum.by";"+375 (176) 58-16-16";"strumsb@tut.by";"Áåëàğóñü"
"https://salon.dental-expo.com/companies/company/113081-sychun-ai-oral.html";"ÑÛ×ÓÀÍÜ ÀÈ-ÎĞÀË";"http://www.ai-oral.com";"8-26388388";"";"Êèòàé"
"https://salon.dental-expo.com/companies/company/122188-sychuan-chzhokhaoya-medikal-teknolodzhi.html";"ÑÛ×ÓÀÍÜ ×ÆÎÕÀÎß ÌÅÄÈÊÀË ÒÅÊÍÎËÎÄÆÈ";"http://www.good-denture.com";"";"";"Êèòàé"
"https://salon.dental-expo.com/companies/company/143758-syurdzhitel.html";"ÑŞĞÄÆÈÒÅË";"https://surgitel-russia.ru";"8 (916) 413-24-23";"nik.kupcov@gmail.com";"Ğîññèÿ"
"https://salon.dental-expo.com/companies/company/1208-tekhnoavia.html";"ÒÅÕÍÎÀÂÈÀ";"https://www.technoavia.ru";"+7 495 787 90 30";"inform@technoavia.ru";"Ğîññèÿ"
"https://salon.dental-expo.com/companies/company/13486-tehnokrat.html";"ÒÅÕÍÎÊĞÀÒ";"https://yandex.ru";"+7 (925) 721-95-31";"technokratcentr@yandex.ru";"Ğîññèÿ"
"https://salon.dental-expo.com/companies/company/11975-tehnosistems.html";"ÒÅÕÍÎÑÈÑÒÅÌÑ";"http://www.technosyst.ru";"+7 (495) 775-23-80";"technosyst@list.ru";"Ğîññèÿ"
"https://salon.dental-expo.com/companies/company/143845-titanpro.html";"ÒÈÒÀÍÏĞÎ";"https://www.titanprolab.com";"";"";"Ğîññèÿ"
"https://salon.dental-expo.com/companies/company/41455-tor-vm.html";"ÒÎĞ ÂÌ";"http://www.torvm.ru";"+7 (495) 2255417";"torvm77@gmail.com";"Ğîññèÿ"
"https://salon.dental-expo.com/companies/company/143091-tosi.html";"ÒÎÑÈ";"";"";"";"Êèòàé"
"https://salon.dental-expo.com/companies/company/126015-trevita.html";"ÒĞÅÂÈÒÀ";"https://trevita.by";"+375296497249";"info@trevita.by";"Áåëàğóñü"
"https://salon.dental-expo.com/companies/company/120646-tri-khavk.html";"ÒĞÈ ÕÀÂÊ";"";"";"";"Ğîññèÿ"
"https://salon.dental-expo.com/companies/company/209-ts-dental.html";"ÒÑ ÄÅÍÒÀË";"http://www.tsdental.ru";"+7 (800) 555-86-43";"info@tsdental.ru";"Ğîññèÿ"
"https://salon.dental-expo.com/companies/company/11969-uralkvadromed.html";"ÓĞÀËÊÂÀÄĞÎÌÅÄ";"https://uqm-shop.ru";"+7 (343) 204-73-37";"info@uqm.ru";"Ğîññèÿ"
"https://salon.dental-expo.com/companies/company/11516-farmadental.html";"ÔÀĞÌÀÄÅÍÒÀË";"http://www.pharma-dental.ru";"+7 (495) 645-20-47";"pharma-dental@bk.ru";"Ğîññèÿ"
"https://salon.dental-expo.com/companies/company/362-farmgeokom.html";"ÔÀĞÌÃÅÎÊÎÌ ÃĞÓÏÏÀ ÊÎÌÏÀÍÈÉ";"http://www.pharmgeocom.ru";"+7 (495) 150 888 1E-mail: info@pharmgeocom.ruÀäğåñ: 115432, Ğîññèÿ, Ìîñêâà, Ïğîåêòèğóåìûé ïğ., ¹4062, ä. 6, ñòğ.16, Áèçíåñ-öåíòğ "Ïîğò Ïëàçà"";"info@pharmgeocom.ru";"Ğîññèÿ"
"https://salon.dental-expo.com/companies/company/109592-rossijskij-universitet-meditsiny.html";"ÔÃÁÎÓ ÂÎ «ĞÎÑÑÈÉÑÊÈÉ ÓÍÈÂÅĞÑÈÒÅÒ ÌÅÄÈÖÈÍÛ» ÌÈÍÇÄĞÀÂÀ ĞÎÑÑÈÈ";"https://rosunimed.ru";"+7 (495) 609-67-00";"info@rosunimed.ru";"Ğîññèÿ"
"https://salon.dental-expo.com/companies/company/143244-fengdan.html";"ÔÅÍÃÄÀÍ";"";"";"";"Êèòàé"
"https://salon.dental-expo.com/companies/company/11513-fintehgrupp.html";"ÔÈÍÒÅÕÃĞÓÏÏ";"http://www.fintechgroup.ru";"+7 (910) 482-22-82";"info@fintechgroup.ru";"Ğîññèÿ"
"https://salon.dental-expo.com/companies/company/11510-fordent.html";"ÔÎĞÄÅÍÒ";"https://fordent.ru";"+7 (495) 989-51-66";"zakaz@fordent.ru";"Ğîññèÿ"
"https://salon.dental-expo.com/companies/company/41467-forma.html";"ÔÎĞÌÀ";"http://www.forma-stom.ru";"+7 (48532) 5-34-75; +7 (48532) 5-68-06E-mail: formasales@mail.ruÀäğåñ: 152613, Ğîññèÿ, ßğîñëàâñêàÿ îáëàñòü, Óãëè÷, óëèöà Ñåâåğíàÿ , äîì 15";"formasales@mail.ru";"Ğîññèÿ"
"https://salon.dental-expo.com/companies/company/113159-foshan-charmin-medikal-instrument.html";"ÔÎØÀÍ ×ÀĞÌÈÍ ÌÅÄÈÊÀË ÈÍÑÒĞÓÌÅÍÒ";"";"";"";"Êèòàé"
"https://salon.dental-expo.com/companies/company/88251-fyuti-ajti-dent.html";"ÔÜŞÒÈ ÀÉÒÈ ÄÅÍÒ";"https://future-it-dent.ru/";"";"";"Ğîññèÿ"
"https://salon.dental-expo.com/companies/company/12254-dental-fentezi.html";"ÔİÍÒÅÇÈ ÒĞÅÉÄ";"https://dftrade.ru/e";"+7 (495) 640-96-00";"expo@dftrade.ru";"Ğîññèÿ"
"https://salon.dental-expo.com/companies/company/145069-khadsen.html";"ÕÀÄÑÅÍ";"https://hadsen.ru";"+7(495) 004-00-50";"info@hadsen.ru";"Ğîññèÿ"
"https://salon.dental-expo.com/companies/company/145525-khaj-tiz.html";"ÕÀÉ ÒÈÇ";"http://www.hi-teeth.com";"+8657387229986";"zoe@hi-teeth.com";"Êèòàé"
"https://salon.dental-expo.com/companies/company/41368-pesitro.html";"ÕÀÉÄÆÈÍ ÒÅÕÍÎËÎÄÆÈÑ (ÏÅÑÈÒĞÎ)";"http://www.pesitro.ru";"+7 (918) 688-10-55";"zakaz@pesitro.ru";"Ğîññèÿ"
"https://salon.dental-expo.com/companies/company/48672-khalilov-i-n-ip.html";"ÕÀËÈËÎÂ È.Í. ÈÏ";"";"";"";"Ğîññèÿ"
"https://salon.dental-expo.com/companies/company/41476-khariko-denta-med.html";"ÕÀĞÈÊÎ ÄÅÍÒÀ ÌÅÄ";"http://hariko.ru";"+7 (495) 913-66-06";"info@hariko.ru";"Ğîññèÿ"
"https://salon.dental-expo.com/companies/company/41482-khasanova-g-kh-ip.html";"ÕÀÑÀÍÎÂÀ Ã.Õ. ÈÏ";"https://mail.ru";"+7 (843) 2054289";"medtexnika100@mail.ru";"Ğîññèÿ"
"https://salon.dental-expo.com/companies/company/11957-celit.html";"ÖÅËÈÒ";"http://www.celit.ru";"+7 (473) 279-76-82";"sales3@celit.ru";"Ğîññèÿ"
"https://salon.dental-expo.com/companies/company/145072-tspumr.html";"ÖÅÍÒĞ ÏÎÄÄÅĞÆÊÈ Ó×ÀÑÒÍÈÊÎÂ ÌÅÄÈÖÈÍÑÊÎÃÎ ĞÛÍÊÀ";"https://www.cpumr.ru";"8-800-505-17-78";"info@cpumr.ru";"Ğîññèÿ"
"https://salon.dental-expo.com/companies/company/50361-tsingol.html";"ÖÈÍÃÎË";"http://cingol-dental.ru";"+7 (3532) 537-837";"cingol.ru@gmail.com";"Ğîññèÿ"
"https://salon.dental-expo.com/companies/company/11498-chelovek.html";"×ÅËÎÂÅÊ";"http://www.mirmed.ru";"+7 (812) 325-25-64";"zakaz@mirmed.ru";"Ğîññèÿ"
"https://salon.dental-expo.com/companies/company/144535-chzhunchuan.html";"×ÆÓÍ×ÓÀÍ";"https://www.chinadental3dprintingresin.com";"+86 13326864702Àäğåñ: Êèòàé";"";"Êèòàé"
"https://salon.dental-expo.com/companies/company/11951-shayning-3d-rus.html";"ØÀÉÍÈÍÃ 3Ä ĞÓÑ";"http://shining3ddental.ru";"+7 (499) 350-64-06";"info@shining3drus.ru";"Ğîññèÿ"
"https://salon.dental-expo.com/companies/company/88803-shenchzhen-upsera-dental-teknolodzhi.html";"ØİÍÜ×ÆİÍÜ ÓÏÑÅĞÀ ÄÅÍÒÀË ÒÅÊÍÎËÎÄÆÈ";"";"";"";"Êèòàé"
"https://salon.dental-expo.com/companies/company/11849-evidsan.html";"İÂÈÄÑÀÍ";"http://www.evidsun.com";"+7 (495) 500-73-46";"sale@evidsun.com";"Ğîññèÿ"
"https://salon.dental-expo.com/companies/company/11963-farm-balt.html";"İÄÅÍÒÀ - ÔÀĞÌ-ÁÀËÒ";"http://www.farmbalt.ru";"+7 (812) 971-77-69";"info@farmbalt.ru";"Ğîññèÿ"
"https://salon.dental-expo.com/companies/company/18790-kavo.html";"İÉÑ ÄÅÍÒÀË ĞÓÑ (ÊÀÂÎ)";"http://www.kavo.ru";"+7 (812) 614-60-64";"ru.info@kavo.com";"Ğîññèÿ"
"https://salon.dental-expo.com/companies/company/88665-ejsiejch-medikal.html";"İÉÑÈİÉ× ÌÅÄÈÊÀË/ÄÆÈ-ÄÈÔÔ";"https://gdiff.ru";"+74951047773";"bonadent2@mail.ru";"Şæíàÿ Êîğåÿ"
"https://salon.dental-expo.com/companies/company/88248-ejtis-rossiya.html";"İÉÒÈÑ ĞÎÑÑÈß";"";"";"";"Ğîññèÿ"
"https://salon.dental-expo.com/companies/company/215-el-dent.html";"İËÜ-ÄÅÍÒ";"http://el-dent.ru";"+7 (495) 789-67-39";"el-dent@yandex.ru";"Ğîññèÿ"
"https://salon.dental-expo.com/companies/company/33037-emi.html";"İÌÈ";"http://www.emi-spb.ru";"+7 (812) 448-07-40";"info@emistom.ru";"Ğîññèÿ"
"https://salon.dental-expo.com/companies/company/145792-emra.html";"İÌĞÀ";"https://emra.life";"8-908-308-08-88";"bikchantaev.a.k@emra.life";"Ğîññèÿ"
"https://salon.dental-expo.com/companies/company/107418-emenef-tszinyuanbao-ekvipment-limited.html";"İÌİÍİÔ ÖÇÈÍÜŞÀÍÜÁÀÎ İÊÂÈÏÌÅÍÒ ËÈÌÈÒÅÄ (İĞİÉ×ÄÆÅÉÑÈ)";"http://rhjc-cn.com";"+8618650481872";"matt_mnf@tjrhjc.com";"Êèòàé"
"https://salon.dental-expo.com/companies/company/107472-endoshop.html";"İÍÄÎØÎÏ";"";"";"";"Êèòàé"
"https://salon.dental-expo.com/companies/company/765-erkastom-xiii.html";"İĞÊÀÑÒÎÌ XXI";"http://www.erkastom.ru";"+7 (495) 318-01-58";"info@erkastom.ru";"Ğîññèÿ"
"https://salon.dental-expo.com/companies/company/41515-esdiaj-matriks.html";"İÑÄÈÀÉ ÌÀÒĞÈÊÑ";"http://www.sdident.ru";"+7 (499) 130-83-09";"info@prosystom.com";"Ğîññèÿ"
"https://salon.dental-expo.com/companies/company/11927-estetika-dent.html";"İÑÒÅÒÈÊÀ-ÄÅÍÒ";"http://www.esteticadent.com";"+7 (391) 228-72-38";"info@esteticadent.com";"Ğîññèÿ"
"https://salon.dental-expo.com/companies/company/126012-estetmeditsina.html";"İÑÒÅÒÌÅÄÈÖÈÍÀ";"";"";"";"Ğîññèÿ"
"https://salon.dental-expo.com/companies/company/144544-esejchkyuel-dental-bering.html";"İÑİÉ×ÊÜŞİË ÄÅÍÒÀË ÁİĞÈÍÃ";"http://www.shqldental.com";"+8613564711696";"sales2@tic-techs.com";"Êèòàé"
"https://salon.dental-expo.com/companies/company/187-eur-med-dentaldepo.html";"İÓĞ-ÌÅÄ ÄÅÍÒÀËÄÅÏÎ";"http://www.eurmed.ru";"+7 (496) 341-16-90";"info@eurmed.ru";"Ğîññèÿ"
"https://salon.dental-expo.com/companies/company/219-unident.html";"ŞÍÈÄÅÍÒ";"http://www.unident.ru";"+7 (495) 434-46-01";"info@unident.net";"Ğîññèÿ"
"https://salon.dental-expo.com/companies/company/88242-yusera-tekhnolodzhi.html";"ŞÑÅĞÀ";"https://yucera.pro";"+7 (925) 273-00-99";"sales@yucera.pro";"Ğîññèÿ"
"https://salon.dental-expo.com/companies/company/110066-yu-en-kej-kamera.html";"ŞİÍÊÅÉ";"https://163.com";"+8618037938705";"chenpujiu@163.com";"Êèòàé"
