яЯШКЙЮ;мЮГБЮМХЕ;яЮИР;рЕКЕТНМ;Email;яРПЮМЮ
"https://vodexpo.ru/katalog/tproduct/514362613-417288960682-lit-npo";"кхр, мон";"https://www.lit-uv.ru/";"8 800 100 61 75 ОН пНЯЯХХ АЕЯОКЮРМН; 8 495 197-76-58";"lit@lit-uv.ru";"пняяхъ"
"https://vodexpo.ru/katalog/tproduct/514362613-718550486212-mosvodokanal-ao";"лнябнднйюмюк, юн";"https://www.mosvodokanal.ru/";"8 (499) 763-34-34";"post@mosvodokanal.ru";"пняяхъ"
"https://vodexpo.ru/katalog/tproduct/514362613-450443935742-vodokanal-sankt-peterburga-gup";"бнднйюмюк яюмйр-оерепаспцю, цсо";"https://www.vodokanal.spb.ru/";"8 (812) 305-09-09";"info@vodokanal.spb.ru";"пняяхъ"
"https://vodexpo.ru/katalog/tproduct/514362613-480258763052-gruppa-poliplastik";"цпсоою онкхокюярхй";"https://www.polyplastic.ru/";"8 (495) 745-68-57";"info@polyplastic.ru";"пняяхъ"
"https://vodexpo.ru/katalog/tproduct/514362613-331362687672-energiya-ao";"щмепцхъ, юн";"https://dendor.ru/";"8 812 640 30 30";"office@dendor.ru";"пняяхъ"
"https://vodexpo.ru/katalog/tproduct/514362613-197988285352-grinlaif-fektori-ooo";"цпхмкюит тщйрнпх, ннн";"https://glfactory.ru/";"+7 (495) 419-20-97";"info@glfactory.ru";"пняяхъ"
"https://vodexpo.ru/katalog/tproduct/514362613-100163429632-everlain";"щбепкюим";"https://ever-line.ru";"+7 (495) 150-01-32";"info@ever-line.ru";"пняяхъ"
"https://vodexpo.ru/katalog/tproduct/514362613-641483811932-kei-kyu-ooo";"йеи йэч, ннн";"https://kq.com.ru/";"8 800 333-66-66; 8 (495) 183-88-83";"RUSSIA@KAIQUAN.COM.CN";"пняяхъ"
"https://vodexpo.ru/katalog/tproduct/514362613-972274037162-immid-ooo";"хллхд, ннн";"https://www.immid.ru";"8 (800) 200-56-01";"info@immid.ru";"пняяхъ"
"https://vodexpo.ru/katalog/tproduct/514362613-733795147112-rgk-gruppa-kompanii";"пцй, цпсоою йнлоюмхи";"https://www.rgk-group.ru/";"8 843 590-07-00";"info@rgk-group.ru";"пняяхъ"
"https://vodexpo.ru/katalog/tproduct/514362613-151196077812-ekoton-ooo-npf";"щйнрнм, ннн мот";"https://ekoton-service.ru/";"(4722) 40-08-89";"bel-zavod@ekoton-service.ru";"пняяхъ"
"https://vodexpo.ru/katalog/tproduct/514362613-123616832142-lainertek-ooo";"кюимепрей, ннн";"https://linertec.ru/";"+7 (343) 319-12-19";"info@linertec.com";"яРЕМД: P8"
"https://vodexpo.ru/katalog/tproduct/514362613-640522757312-haus-rus-nao";"уюся пся, мюн";"http://www.hauscentrifuge.ru/";"+7 (495) 575 3424 / 8 800 500 7517";"moscow@hauscentrifuge.ru";"пняяхъ"
"https://vodexpo.ru/katalog/tproduct/514362613-323498217222-elma-asterion-gk";"щклю-юярепхнм, цй";"https://td-elma.ru";"+7 (812) 490-75-03";"info@td-elma.ru";"пняяхъ"
"https://vodexpo.ru/katalog/tproduct/514362613-598791127762-birzha-vodnih-vakansii";"ахпфю бндмшу бюйюмяхи";"mailto:info@waterjob.ru";"+7 (910)-451-03-13";"info@waterjob.ru";"яРЕМД: п7"
"https://vodexpo.ru/katalog/tproduct/514362613-936571113212-mai-proekt-ao";"люи опнейр, юн";"https://www.myproject.msk.ru";"+7 (495) 981-98-80";"info@myproject.msk.ru";"пняяхъ"
"https://vodexpo.ru/katalog/tproduct/514362613-515313488172-gidrokord-ooo";"цхдпнйнпд, ннн";"https://hydrocord.ru/";"+7 (343) 222-73-22";"ukp@gydromix.ru";"яРЕМД: B13"
"https://vodexpo.ru/katalog/tproduct/514362613-675418147662-dts-ooo";"дря, ннн";"https://www.dts-group.ru";"8-495-104-38-00";"info@dts-group.ru";"пняяхъ"
"https://vodexpo.ru/katalog/tproduct/514362613-454065499742-novaya-avtomatika-ooo";"мнбюъ юбрнлюрхйю, ннн";"http://www.new-automatics.ru/";"8 (804) 333-74-73";"info-na@mail.ru";"яРЕМД: A1"
"https://vodexpo.ru/katalog/tproduct/514362613-840525872422-gidriks-ooo-npp";"цхдпхйя, ннн моо";"https://hydrig.ru/";"8 (800) 301-01-88, 8 (495) 788-01-88";"nfo@hydrig.ru";"пняяхъ"
"https://vodexpo.ru/katalog/tproduct/514362613-689805170632-rde-inzhiniring-ooo";"пдщ хмфхмхпхмц, ннн";"https://rdegroup.ru/";"+7 (495) 668-32-90";"sales@rdegroup.ru";"яРЕМД: D4"
"https://vodexpo.ru/katalog/tproduct/514362613-773165202522-apvell-ooo";"юобекк, ннн";"https://apvell.ru/";"+7 (981) 981-44-00";"info@apvell.ru";"яРЕМД: B14"
"https://vodexpo.ru/katalog/tproduct/514362613-710976980102-datum-grupp-ooo";"дюрсл цпсоо, ннн";"https://datum-group.ru/";"+7 (863) 303-20-61";"group@datum-group.ru";"пняяхъ"
"https://vodexpo.ru/katalog/tproduct/514362613-896291011602-torgovii-dom-adl-ooo";"рнпцнбши днл юдк, ннн";"https://adl.ru/";"+7 (495) 937-89-68";"info@adl.ru";"пняяхъ"
"https://vodexpo.ru/katalog/tproduct/514362613-422695359282-essen-ooo";"щяяем, ннн";"mailto:info@sterilab.ru";"+7 495 223-19-30";"info@sterilab.ru";"яРЕМД: F14"
"https://vodexpo.ru/katalog/tproduct/514362613-412618085092-predpriyatie-vzlet-odo";"опедопхърхе бгкер, ндн";"https://www.vzlet-omsk.ru/";"+7 (3812) 60-11-57";"vzlet@vzlet-omsk.ru";"пняяхъ"
"https://vodexpo.ru/katalog/tproduct/514362613-208550334212-dolya-zao";"днкъ, гюн";"https://www.dolya.com/";"375296747572";"dolya@dolya.com";"яРЕМД: F20"
"https://vodexpo.ru/katalog/tproduct/514362613-237138486152-alta-group";"ALTA GROUP";"https://alta-group.ru/";"+7 (499) 113-20-18, 8 800 350-13-04";"info@alta-group.ru";"пняяхъ"
"https://vodexpo.ru/katalog/tproduct/514362613-428794043472-korporatsiya-vozduh-ooo";"йнпонпюжхъ бнгдсу, ннн";"https://aircorp.ru/";"";"info@aircorp.ru";"яРЕМД: B10"
"https://vodexpo.ru/katalog/tproduct/514362613-558576836422-energetika-ooo-brend-streamlux";"щмепцерхйю, ннн (АПЕМД Streamlux)";"https://www.streamlux.ru/";"8 (499) 955-49-95";"rm@streamlux.ru";"яРЕМД: E4"
"https://vodexpo.ru/katalog/tproduct/514362613-343314334852-arma-inzhiniring-ooo";"юплю хмфхмхпхмц, ннн";"https://dolium.pro/";"8 (800) 700-72-50";"info@dolium.pro";"пняяхъ"
"https://vodexpo.ru/katalog/tproduct/514362613-793918833322-triton-ooo";"рпхрнм, ннн";"https://stormwater.ru/";"+7 (846) 205-16-15";"office@stormwater.ru";"яРЕМД: B4"
"https://vodexpo.ru/katalog/tproduct/514362613-398233681892-viv-ao";"бхб, юн";"https://pump.ru/";"+7 (495) 641-00-41";"info@pump.ru";"пняяхъ"
"https://vodexpo.ru/katalog/tproduct/514362613-523449953462-rosa-zao";"пняю, гюн";"https://www.rossalab.ru/";"8 (495) 435-18-22, +7 (495) 502-44-22";"mail@rossalab.ru";"пняяхъ"
"https://vodexpo.ru/katalog/tproduct/514362613-797599947142-rosgaz-gk";"пняцюг, цй";"https://rsgz.ru/";"8 812 448-07-02";"ros@rsgz.ru";"яРЕМД: C1"
"https://vodexpo.ru/katalog/tproduct/514362613-836331518552-institut-elektrohimicheskih-sistem-i-teh";"хмярхрср щкейрпнухлхвеяйху яхярел х реумнкнцхи бхрнкэдю аюухпю, ннн";"https://vbinstitute.ru/";"8 495 737-59-29";"eca@vbinstitute.ru";"яРЕМД: A18"
"https://vodexpo.ru/katalog/tproduct/514362613-945408229492-topol-eko-gruppa-kompanii";"рнонк-щйн, цпсоою йнлоюмхи";"https://www.topol-eco.ru/";"8 800 333 69 37";"info@topol-eco.ru";"пняяхъ"
"https://vodexpo.ru/katalog/tproduct/514362613-161063085832-lyumeks-gk";"кчлщйя, цй";"https://www.lumex.ru/";"+7 (812) 335-0-336";"lumex@lumex.ru";"пняяхъ"
"https://vodexpo.ru/katalog/tproduct/514362613-242706924372-infrapolis-ooo";"хмтпюонкхя, ннн";"http://infrapolis.ru/";"8 (812) 922-14-71";"vk@infrapolis.ru";"яРЕМД: B1"
"https://vodexpo.ru/katalog/tproduct/514362613-111037348192-vodokomfort-ooo-firma";"бнднйнлтнпр, ннн тхплю";"https://vodokomfort.ru/?ysclid=mj2vx3scp4123208875";"+7 (495) 959-55-45";"info@vodokomfort.ru";"пняяхъ"
"https://vodexpo.ru/katalog/tproduct/514362613-151644073452-vavatek-ooo";"бюбюрей, ннн";"https://wawatech.org";"8 (495) 122-24-38";"info@wawatech.org";"яРЕМД: E29"
"https://vodexpo.ru/katalog/tproduct/514362613-391409769192-arzamasskii-zavod-kommunalnogo-mashinost";"юпгюлюяяйхи гюбнд йнллсмюкэмнцн люьхмнярпнемхъ, юн";"https://www.kommash.ru/";"+7(831) 417-93-93";"office@kommash.ru";"пняяхъ"
"https://vodexpo.ru/katalog/tproduct/514362613-953423715282-losbel-ooo";"княаек, ннн";"https://losbel.by/";"+375 17774 29715, +375 29 740-11-11";"losbel@mail.ru";"яРЕМД: B5"
"https://vodexpo.ru/katalog/tproduct/514362613-145311588932-agk-ekologiya-ooo";"юцй щйнкнцхъ, ннн";"https://www.agk-eco.ru";"8 (800) 550-95-24, +7 (495) 745-98-91 (лНЯЙБЮ)";"info@agk-eco.ru";"яРЕМД: C6"
"https://vodexpo.ru/katalog/tproduct/514362613-229690187802-ksailrus-ooo";"йяюикпся, ннн";"https://xylrus.com/";"+7 (495) 120-25-08";"office@xylrus.com";"яРЕМД: C5"
"https://vodexpo.ru/katalog/tproduct/514362613-469881329792-oks-grupp-ooo";"нйя цпсоо, ннн";"https://www.ocs-group.ru/";"+7 (495) 518-62-06";"info@ecolo.ru";"пняяхъ"
"https://vodexpo.ru/katalog/tproduct/514362613-421745036262-polimerkonstruktsiya-up";"онкхлепйнмярпсйжхъ, со";"https://polymercon.com/";"+375 (212) 65 06 60, +375 (212) 65 06 70";"info@polymercon.com";"аекюпсяэ"
"https://vodexpo.ru/katalog/tproduct/514362613-266175937862-vodomer-ooo";"бнднлеп, ннн";"https://vodomer.su";"+7 (495) 150-38-16";"info@vodomer.su";"яРЕМД: A19"
"https://vodexpo.ru/katalog/tproduct/514362613-804889048152-vandiord-grupp-ooo";"бюмдинпд цпсоо, ннн";"https://vandjord.com/";"+7 (495) 737-30-00, +7 (495) 730-36-55";"info.moscow@vandjord.com";"пняяхъ"
"https://vodexpo.ru/katalog/tproduct/514362613-986540623442-ekoinstrument-ooo";"щйнхмярпслемр, ннн";"https://www.ecoinstrument.ru/";"+7 (495) 745-22-90";"mail@ecoinstrument.ru";"яРЕМД: е9"
"https://vodexpo.ru/katalog/tproduct/514362613-899136466922-merapribor";"лепюопханп";"https://merapribor.ru/";"8 (812) 740-87-50";"order@merapribor.ru";"пняяхъ"
"https://vodexpo.ru/katalog/tproduct/514362613-215541411902-vzor-ooo";"бгнп, ннн";"https://vzornn.ru/";"8 800 100-23-22";"market@vzor.nnov.ru";"яРЕМД: F4"
"https://vodexpo.ru/katalog/tproduct/514362613-713389459392-terem-zhelezobetonnie-tehnologii-ooo";"репел фекегнаернммше реумнкнцхх, ннн";"https://terem-gbi.ru";"8 (86155) 73287, 8 (86159) 46688";"bev@terem-gk.ru";"яРЕМД: A11"
"https://vodexpo.ru/katalog/tproduct/514362613-232371361012-vdk";"VDK";"https://vdktech.ru/";"+7 (495) 763-29-73";"info@vdktech.ru";"пняяхъ"
"https://vodexpo.ru/katalog/tproduct/514362613-227915014832-etek-ltd-ooo-npf";"щрей крд, ннн мот";"http://www.etek.ru/";"8 (4842) 506-776";"mail@etek.ru";"яРЕМД: E21"
"https://vodexpo.ru/katalog/tproduct/514362613-855089439852-chelyabinskii-mashinostroitelnii-zavod-o";"векъахмяйхи люьхмнярпнхрекэмши гюбнд, ннн";"https://chmz.org/";"8 800 222-03-10";"marketing@chmz.org";"пняяхъ"
"https://vodexpo.ru/katalog/tproduct/514362613-612878309522-inzhtehmash-ao";"хмфреулюь, юн";"https://engtechmash.ru/";"8 800 550 63 34";"info@engtechmash.ru";"яРЕМД: E5"
"https://vodexpo.ru/katalog/tproduct/514362613-235135235382-torgovii-dom-ld-ooo";"рнпцнбши днл кд, ннн";"https://xn--d1an.xn--p1ai/";"+7 (351) 730-47-47";"НffiЯЕ@ldtd.Цu";"яРЕМД: E24"
"https://vodexpo.ru/katalog/tproduct/514362613-700487980122-akvastok-ooo";"юйбюярнй, ннн";"https://www.aquastok.ru/";"8 (861) 279-61-37";"info@aquastok.ru";"яРЕМД: A4"
"https://vodexpo.ru/katalog/tproduct/514362613-715980334952-sienpi-rus-ooo";"яхщмох пся, ннн";"https://www.cnprussia.ru/";"+7 (800) 333-10-74";"cnp@cnprussia.ru";"яРЕМД: C3"
"https://vodexpo.ru/katalog/tproduct/514362613-820812753992-akva-lab-ooo";"юйбю-кюа, ннн";"https://xn----7sbabfc9cl.xn--p1ai/";"+7(800)550-37-19";"sales@aqua-lab.com";"рЕКЕТНМ: +7(800)550-37-19"
"https://vodexpo.ru/katalog/tproduct/514362613-125104943042-mempeks-ooo";"лелощйя, ннн";"https://www.mempex.by";"+375 (29) 631-07-71, +375 (29) 127-03-74";"info@mempex.by";"яРЕМД: E6"
"https://vodexpo.ru/katalog/tproduct/514362613-926095808332-industriya-snabzheniya";"хмдсярпхъ ямюафемхъ";"http://ind-snab.ru/";"8 (495) 774 05 10";"sale@ind-snab.ru";"яРЕМД: F7"
"https://vodexpo.ru/katalog/tproduct/514362613-933138325832-npk-mediana-filtr-ao";"мой ледхюмю-тхкэрп, юн";"https://www.mediana-filter.ru/";"+7 (495) 660-07-71";"info@mediana-filter.ru";"пняяхъ"
"https://vodexpo.ru/katalog/tproduct/514362613-990109003102-ikaplast-ooo";"хйюокюяр, ннн";"https://icaplast.ru/";"8 (812) 240-48-88, 8 (800) 775-64-19";"icaplast@icaplast.ru";"пняяхъ"
"https://vodexpo.ru/katalog/tproduct/514362613-351110942042-ohtinskii-mehanicheskii-zavod-ooo";"нурхмяйхи леуюмхвеяйхи гюбнд, ннн";"https://omz-spb.ru/";"8 (800) 550-32-53";"omzoffice@mail.ru";"яРЕМД: E17"
"https://vodexpo.ru/katalog/tproduct/514362613-522511297792-plazkat-ooo";"окюгйюр, ннн";"https://plazkat.ru/";"8 (812) 493-24-40";"market@plazkat.ru";"яРЕМД: E26"
"https://vodexpo.ru/katalog/tproduct/514362613-813406724572-elektropompa-ooo";"щкейрпнонлою, ннн";"https://electropompa.ru/";"8 (495) 981-92-44";"electropompa@mail.ru";"яРЕМД: E8"
"https://vodexpo.ru/katalog/tproduct/514362613-596720734322-tehnopribor-ooo-npp";"реумнопханп, ннн моо";"https://www.tehnopribor.ru/";"8 (495) 661-22-11, 8 800-301-22-11";"sekretar@tehnopribor.ru";"яРЕМД: F3"
"https://vodexpo.ru/katalog/tproduct/514362613-629714689242-tu-bio-ooo";"рс ахн, ннн";"https://2bio.tech/";"8 (843) 267-60-81";"info@2bio.tech";"яРЕМД: E20"
"https://vodexpo.ru/katalog/tproduct/514362613-781383716472-privodi-i-tehnika-ooo";"опхбндш х реумхйю, ннн";"https://www.priwody.ru/";"8 495 755 60 06";"pit@priwody.ru";"яРЕМД: E11"
"https://vodexpo.ru/katalog/tproduct/514362613-274937927172-poliplast-ooo";"онкхокюяр, ннн";"https://www.poliplast.ru/";"+7 (8112) 66-36-50, +7 (8112) 29-20-50";"marketing@galvanica.ru";"яРЕМД: B2"
"https://vodexpo.ru/katalog/tproduct/514362613-307399645762-ptk-obedinennie-resursi-ooo";"орй назедхмеммше пеяспяш, ннн";"https://ptkor.ru/";"8 (812) 509-59-17";"info@ptkor.ru";"яРЕМД: A15"
"https://vodexpo.ru/katalog/tproduct/514362613-702615397412-akon-ooo";"юйнм, ннн";"https://acon.ru/";"+7 (495) 803-25-05";"sales@acon.ru";"яРЕМД: A6"
"https://vodexpo.ru/katalog/tproduct/514362613-615532551032-oniks";"нмхйя";"https://zaglushka-onix.ru/";"8 800 333 82 74, +7 985 889 96 06";"zaglushka-onix@mail.ru";"яРЕМД: F8.1"
"https://vodexpo.ru/katalog/tproduct/514362613-856486854682-heliks-ooo";"уекхйя, ннн";"mailto:info@helypump.ru";"+7 (499) 755-50-11";"info@helypump.ru";"яРЕМД: E7"
"https://vodexpo.ru/katalog/tproduct/514362613-631848842992-avtomatika-zao-npp";"юбрнлюрхйю, гюн моо";"http://avtomatica.ru/";"+7 (4922) 779796";"market@avtomatica.ru";"яРЕМД: A5"
"https://vodexpo.ru/katalog/tproduct/514362613-985980196542-tobol-ooo";"рнанк, ннн";"https://tobol-omsk.ru/";"+7 (3812) 538-537, + 7 (495) 568-11-01";"info@tobol-omsk.ru";"яРЕМД: D3"
"https://vodexpo.ru/katalog/tproduct/514362613-785696018962-kann-proekt-ooo";"йюмм опнейр, ннн";"https://kann.by/";"375 29 660 01 61, +7 980 951 20 23";"info@kann.by";"яРЕМД: E19"
"https://vodexpo.ru/katalog/tproduct/514362613-397586101352-olmaks";"нкэлюйя";"https://www.olmax.ru/";"+7 (495) 792-59-46";"olmax@olmax.ru";"яРЕМД: B12"
"https://vodexpo.ru/katalog/tproduct/514362613-968267451042-amperika";"юлоепхйю";"https://amperika.com/";"8-800-250-23-75, 8-926-010-00-33";"info@amperika.com";"яРЕМД: B7"
"https://vodexpo.ru/katalog/tproduct/514362613-289365174182-veta-inzhiniring-ooo";"берю-хмфхмхпхмц, ннн";"https://veta159.ru";"8 (963) 870-35-51, 8 (919) 47-07-000";"info.veta159@mail.ru";"яРЕМД: A9"
"https://vodexpo.ru/katalog/tproduct/514362613-925824237672-lipetskaya-trubnaya-kompaniya-svobodnii";"кхоежйюъ рпсамюъ йнлоюмхъ ябнандмши янйнк, ннн";"https://ltk.svsokol.ru";"+7 (4742) 55-77-77";"market@svsokol.ru";"пняяхъ"
"https://vodexpo.ru/katalog/tproduct/514362613-484013871012-fasonlit-ooo";"тюянмкхр, ннн";"https://vchshg.ru/";"+7 (499) 753-13-38";"info@fasonlit.ru";"яРЕМД: B16.2"
"https://vodexpo.ru/katalog/tproduct/514362613-598286666972-gc-agma";"GC AGMA";"http://gc-agma.info/";"8 (800) 333-26-54";"gc.info@info.info";"пняяхъ"
"https://vodexpo.ru/katalog/tproduct/514362613-899128670652-rs-voda-ooo";"пя бндю, ннн";"https://rswater.ru/";"+7 (495) 055-23-17";"info@rswater.ru";"ПЮГПЮАНРЙЮ ОПНЕЙРМН-ЯЛЕРМНИ ДНЙСЛЕМРЮЖХХ МЮ НАЗЕЙРШ ЯХЯРЕЛ БНДНЯМЮАФЕМХЪ Х БНДННРБЕДЕМХЪ, НВХЯРЙХ ЯРНВМШУ БНД МЮЯЕКЕММШУ ОСМЙРНБ Х ОПНЛШЬКЕММШУ ОПЕДОПХЪРХИ;"
"https://vodexpo.ru/katalog/tproduct/514362613-410140896062-regionmostostroi-ooo";"пецхнмлнярнярпни, ннн";"https://region-ms.ru";"+7 932 606 87 48";"liner@region-ms.ru";"яРЕМД: D2"
"https://vodexpo.ru/katalog/tproduct/514362613-377700697362-ekotehdez-ooo";"щйнреудег, ннн";"https://ecotechdez.ru";"+7 953 579 19 08";"ecotechdez@yandex.ru";"яРЕМД: F5"
"https://vodexpo.ru/katalog/tproduct/514362613-606068870682-gles-grupp-inzhiniring-ooo";"цкея цпсоо хмфхмхпхмц, ннн";"https://www.legend-air.ru";"8 (812) 667-82-82";"info@legend-air.ru";"яРЕМД: E33"
"https://vodexpo.ru/katalog/tproduct/514362613-574352394842-ekohimpribor-ooo-npp";"щйнухлопханп, ннн моо";"https://ecohimpribor.ru/";"8 (495) 662-32-21";"info@ecohimpribor.ru";"яРЕМД: E14"
"https://vodexpo.ru/katalog/tproduct/514362613-738031954162-asos-rus-ooo";"юяня пся, ннн";"https://www.asos.com.tr/";"+7 (495) 221 61 33";"russia@asos.com.tr";"яРЕМД: E34"
"https://vodexpo.ru/katalog/tproduct/514362613-827072864122-akvaraim-ooo";"юйбюпюил, ннн";"https://www.xn--80aaag1bcs3a.xn--p1ai/";"+7 (495) 970-31-01";"info@aquarhyme.com";"пняяхъ"
"https://vodexpo.ru/katalog/tproduct/514362613-752179059482-tsenner-vodopribor-ltd-ooo-firma";"жеммеп-бнднопханп крд, ннн тхплю";"https://minol-service.ru/";"8-495-663-73-97, +7 (3452) 681 343";"office@zenner.ru";"яРЕМД: A13"
"https://vodexpo.ru/katalog/tproduct/514362613-605512876902-kntp-ooo";"ймро, ннн";"http://www.kntp-project.ru";"+7 (499) 372-14-12";"info@kntp-project.ru";"яРЕМД: P11"
"https://vodexpo.ru/katalog/tproduct/514362613-998947207792-daoyunai-energy-saving-technology-suqian";"DAOYUNAI ENERGY SAVING TECHNOLOGY SUQIAN COMPANY";"https://www.cipp-uv.com/";"+8613641967601";"aaron@cipptech.com";"яРЕМД: A14"
"https://vodexpo.ru/katalog/tproduct/514362613-616481299922-laitpaip";"кюироюио";"https://litepipe.ru/";"8 800 444 19 18";"mail@litepipe.ru";"пняяхъ"
"https://vodexpo.ru/katalog/tproduct/514362613-963707391832-sika";"SIKA";"https://rus.sika.com/?ysclid=mninyryvht246398208";"+7 (495) 577-73-31";"info@by.sika.com";"яРЕМД: A17"
"https://vodexpo.ru/katalog/tproduct/514362613-357208688772-yuph-gk";"чоу, цй";"https://www.analizator.ru/";"8 (499) 613-11-77, 8 (499) 317-31-55";"info@analizator.ru";"яРЕМД: A10"
"https://vodexpo.ru/katalog/tproduct/514362613-860375995072-arsenalgidro-ooo";"юпяемюкцхдпн, ннн";"https://www.arsenalgidro.ru/";"8 (800) 550√55√90";"info@arsenalgidro.ru";"яРЕМД: C4"
"https://vodexpo.ru/katalog/tproduct/514362613-701070180012-wuhan-tanal-industrial-co-ltd";"WUHAN TANAL INDUSTRIAL CO., LTD";"https://www.tanalwater.com/index_en.html";"+86-27-8673 0002";"intl.manager@tanaltech.com";"яРЕМД: B6"
"https://vodexpo.ru/katalog/tproduct/514362613-856439634362-istochnik-zdorovya-ooo";"хярнвмхй гднпнбэъ, ннн";"https://aquamat.ru/";"8 (800) 333-44-07";"doc@aquamoney.ru";"яРЕМД: E7"
"https://vodexpo.ru/katalog/tproduct/514362613-211794241872-innovatika-ooo";"хммнбюрхйю, ннн";"https://www.em-stoki.ru/";"+7 904 628 05 89";"oooinnovatika@yandex.ru";"яРЕМД: ю3"
"https://vodexpo.ru/katalog/tproduct/514362613-856821941482-biometriklabs-ooo";"ахнлерпхйкюая, ннн";"https://biometriclabs.ru/";"8 (964) 704 64 53";"af@biometriclabs.ru";"яРЕМД: F8.2"
"https://vodexpo.ru/katalog/tproduct/514362613-824447243412-sudovie-prirodoohrannie-kompleksi-i-sist";"ясднбше опхпндннупюммше йнлокейяш х яхярелш, ннн";"https://naeco.ru/";"+7 812 676 33 13";"info@naeco.ru";"яРЕМД: F21"
"https://vodexpo.ru/katalog/tproduct/514362613-946738616322-alyans-elektro-ao-npo";"юкэъмя щкейрпн, юн мон";"http://allianceelectro.ru/";"+7 (812) 680 20 80";"info@alliance-electro.ru";"пняяхъ"
"https://vodexpo.ru/katalog/tproduct/514362613-618719927202-novoteh-eko-ooo";"мнбнреу-щйн, ннн";"https://nt-eco.ru/";"8 (8172) 72-98-10, 55-01-26";"mail@nt-eco.ru";"пняяхъ"
"https://vodexpo.ru/katalog/tproduct/514362613-819762974082-ogneupori-bogdanovichskoe-oao";"нцмесонпш, анцдюмнбхвяйне нюн";"http://www.ogneupory.ru/";"+7 (34376) 47-8-45, +7 (34376) 47-4-15";"general@ogneupory.ru";"яРЕМД: C9"
"https://vodexpo.ru/katalog/tproduct/514362613-274073486392-gird";"цхпд";"https://gird.ru/";"(3513) 24-07-11, 24-13-11, 24-26-06 (АСУ.)";"gam-s@gird.ru";"яРЕМД: E2"
"https://vodexpo.ru/katalog/tproduct/514362613-416695043042-vega-gaz-ooo";"бецю-цюг, ннн";"";"";"";"яРЕМД: B88"
"https://vodexpo.ru/katalog/tproduct/514362613-151166687922-kzsp-ooo";"йгяо, ннн";"";"";"";"яРЕМД: C8"
"https://vodexpo.ru/katalog/tproduct/514362613-842475025342-kilovatt-ooo-npp";"йхкнбюрр, ннн моо";"";"";"";"яРЕМД: B9"
"https://vodexpo.ru/katalog/tproduct/514362613-132965326672-biometriklabs-ooo";"ахнлерпхйкюая, ннн";"";"";"";"яРЕМД: F8.8"
